"Jan2014","DD","BFV","DMK","31","1054","34.0","2015","296.0"
"Jan2014","DD","CEI","DMK","155","29295","189.0","11625","666.0"
"Jan2014","DD","CJM","DMK","62","2108","34.0","4340","380.0"
"Jan2014","DD","DMK","BFV","31","1054","34.0","2015","296.0"
"Jan2014","DD","DMK","CEI","155","29295","189.0","11625","666.0"
"Jan2014","DD","DMK","CJM","62","2108","34.0","4340","380.0"
"Jan2014","DD","DMK","HDY","248","46872","189.0","21080","772.0"
"Jan2014","DD","DMK","LOE","62.0","3100.0","50.0","4650.0","410.0"
"Jan2014","DD","DMK","MAQ","155","5270","34.0","11625","380.0"
"Jan2014","DD","DMK","NST","186","35154","189.0","12555","610.0"
"Jan2014","DD","DMK","PHS","124.0","19623.0","158.25","6665.0","320.0"
"Jan2014","DD","DMK","PRH","31","1054","34.0","2635","470.0"
"Jan2014","DD","DMK","HKT","124","23436","189.0","9765","689.0"
"Jan2014","DD","DMK","URT","155","29295","189.0","10540","552.0"
"Jan2014","DD","DMK","TST","93","17577","189.0","7440","718.0"
"Jan2014","DD","DMK","UBP","186","35154","189.0","12090","483.0"
"Jan2014","DD","DMK","UTH","186","35154","189.0","12090","451.0"
"Jan2014","DD","HDY","DMK","248","46872","189.0","21235","772.0"
"Jan2014","DD","HKT","DMK","124","23436","189.0","9920","689.0"
"Jan2014","DD","LOE","DMK","62.0","3100.0","50.0","4650.0","410.0"
"Jan2014","DD","MAQ","DMK","155","5270","34.0","11625","380.0"
"Jan2014","DD","NST","DMK","186","35154","189.0","12865","610.0"
"Jan2014","DD","PHS","DMK","124.0","19623.0","158.25","6665.0","320.0"
"Jan2014","DD","PRH","DMK","31","1054","34.0","2635","470.0"
"Jan2014","DD","TST","DMK","93","17577","189.0","7440","718.0"
"Jan2014","DD","UBP","DMK","186","35154","189.0","11160","483.0"
"Jan2014","DD","URT","DMK","155","29295","189.0","10850","552.0"
"Jan2014","DD","UTH","DMK","186","35154","189.0","11160","451.0"
"Jan2014","FD","CEI","DMK","129","21672","168.0","10140","666.0"
"Jan2014","FD","CNX","DMK","372","62496","168.0","28365","565.0"
"Jan2014","FD","CNX","HDY","68","11424","168.0","8685","1320.0"
"Jan2014","FD","DMK","CNX","372","62496","168.0","28210","565.0"
"Jan2014","FD","DMK","CEI","129","21672","168.0","10295","666.0"
"Jan2014","FD","DMK","HDY","279","46872","168.0","23715","772.0"
"Jan2014","FD","DMK","KBV","248","41664","168.0","19840","666.0"
"Jan2014","FD","DMK","NST","124","20832","168.0","9455","610.0"
"Jan2014","FD","DMK","HKT","372","62496","168.0","29915","689.0"
"Jan2014","FD","DMK","URT","124","20832","168.0","8835","552.0"
"Jan2014","FD","HDY","DMK","279","46872","168.0","23405","772.0"
"Jan2014","FD","HDY","CNX","68","11424","168.0","8375","1320.0"
"Jan2014","FD","HKT","DMK","372","62496","168.0","29915","689.0"
"Jan2014","FD","KBV","DMK","248","41664","168.0","18910","666.0"
"Jan2014","FD","NST","DMK","124","20832","168.0","9300","610.0"
"Jan2014","FD","URT","DMK","124","20832","168.0","9145","552.0"
"Jan2014","PG","BKK","CNX","248.0","38730.0","156.16935483870967","18600.0","565.0"
"Jan2014","PG","BKK","LPT","93","6510","70.0","8370","497.0"
"Jan2014","PG","BKK","HKT","248","40176","162.0","21080","673.0"
"Jan2014","PG","CNX","BKK","217.0","34452.0","158.76497695852535","17360.0","565.0"
"Jan2014","PG","CNX","USM","62","8742","141.0","6510","1027.0"
"Jan2014","PG","HKT","BKK","248","40176","162.0","21080","673.0"
"Jan2014","PG","LPT","BKK","93","6510","70.0","8370","497.0"
"Jan2014","TG","BKK","CNX","331.0","88298.0","266.761329305136","24290.0","565.0"
"Jan2014","TG","BKK","CEI","109.0","25204.0","231.22935779816513","8720.0","666.0"
"Jan2014","TG","BKK","KKC","143.0","34500.0","241.25874125874125","8020.0","367.0"
"Jan2014","TG","BKK","HKT","319.0","91622.0","287.2163009404389","25799.0","673.0"
"Jan2014","TG","BKK","UBP","62.0","10152.0","163.74193548387098","4030.0","476.0"
"Jan2014","TG","BKK","UTH","105.0","17226.0","164.05714285714285","6825.0","451.0"
"Jan2014","TG","CEI","BKK","109.0","25204.0","231.22935779816513","8720.0","666.0"
"Jan2014","TG","CNX","BKK","331.0","88298.0","266.761329305136","24290.0","565.0"
"Jan2014","TG","HKT","BKK","336.0","97538.0","290.2916666666667","28870.0","673.0"
"Jan2014","TG","KKC","BKK","143.0","34500.0","241.25874125874125","8020.0","367.0"
"Jan2014","TG","UBP","BKK","62.0","10152.0","163.74193548387098","4030.0","476.0"
"Jan2014","TG","UTH","BKK","105.0","17226.0","164.05714285714285","6300.0","451.0"
"Feb2014","DD","BFV","DMK","28","952","34.0","1820","296.0"
"Feb2014","DD","CEI","DMK","140","26460","189.0","10500","666.0"
"Feb2014","DD","CJM","DMK","56","1904","34.0","3920","380.0"
"Feb2014","DD","DMK","BFV","28","952","34.0","1820","296.0"
"Feb2014","DD","DMK","CEI","140","26460","189.0","10500","666.0"
"Feb2014","DD","DMK","CJM","56","1904","34.0","3920","380.0"
"Feb2014","DD","DMK","HDY","224","42336","189.0","19040","772.0"
"Feb2014","DD","DMK","LOE","56.0","2800.0","50.0","4200.0","410.0"
"Feb2014","DD","DMK","MAQ","140","4760","34.0","10500","380.0"
"Feb2014","DD","DMK","NST","168","31752","189.0","11340","610.0"
"Feb2014","DD","DMK","PHS","112.0","17724.0","158.25","6020.0","320.0"
"Feb2014","DD","DMK","PRH","28","952","34.0","2380","470.0"
"Feb2014","DD","DMK","HKT","112","21168","189.0","8820","689.0"
"Feb2014","DD","DMK","URT","140","26460","189.0","9520","552.0"
"Feb2014","DD","DMK","TST","84","15876","189.0","6720","718.0"
"Feb2014","DD","DMK","UBP","168","31752","189.0","10920","483.0"
"Feb2014","DD","DMK","UTH","168","31752","189.0","10920","451.0"
"Feb2014","DD","HDY","DMK","224","42336","189.0","19180","772.0"
"Feb2014","DD","HKT","DMK","112","21168","189.0","8960","689.0"
"Feb2014","DD","LOE","DMK","56.0","2800.0","50.0","4200.0","410.0"
"Feb2014","DD","MAQ","DMK","140","4760","34.0","10500","380.0"
"Feb2014","DD","NST","DMK","168","31752","189.0","11620","610.0"
"Feb2014","DD","PHS","DMK","112.0","17724.0","158.25","6020.0","320.0"
"Feb2014","DD","PRH","DMK","28","952","34.0","2380","470.0"
"Feb2014","DD","TST","DMK","84","15876","189.0","6720","718.0"
"Feb2014","DD","UBP","DMK","168","31752","189.0","10080","483.0"
"Feb2014","DD","URT","DMK","140","26460","189.0","9800","552.0"
"Feb2014","DD","UTH","DMK","168","31752","189.0","10080","451.0"
"Feb2014","FD","CEI","DMK","140","23520","168.0","10920","666.0"
"Feb2014","FD","CNX","DMK","336","56448","168.0","25620","565.0"
"Feb2014","FD","CNX","HDY","56","9408","168.0","7140","1320.0"
"Feb2014","FD","DMK","CNX","336","56448","168.0","25340","565.0"
"Feb2014","FD","DMK","CEI","140","23520","168.0","11060","666.0"
"Feb2014","FD","DMK","HDY","252","42336","168.0","21420","772.0"
"Feb2014","FD","DMK","KBV","224","37632","168.0","17920","666.0"
"Feb2014","FD","DMK","NST","112","18816","168.0","8540","610.0"
"Feb2014","FD","DMK","HKT","336","56448","168.0","27020","689.0"
"Feb2014","FD","DMK","URT","112","18816","168.0","7980","552.0"
"Feb2014","FD","HDY","DMK","252","42336","168.0","21140","772.0"
"Feb2014","FD","HDY","CNX","56","9408","168.0","6860","1320.0"
"Feb2014","FD","HKT","DMK","336","56448","168.0","27020","689.0"
"Feb2014","FD","KBV","DMK","224","37632","168.0","17080","666.0"
"Feb2014","FD","NST","DMK","112","18816","168.0","8400","610.0"
"Feb2014","FD","URT","DMK","112","18816","168.0","8260","552.0"
"Feb2014","K8","CNX","HGN","84","1008","12.0","2940","119.0"
"Feb2014","K8","CNX","NNT","8","96","12.0","360","192.0"
"Feb2014","K8","CNX","PYY","12","144","12.0","300","87.0"
"Feb2014","K8","CNX","PHS","16","192","12.0","960","259.0"
"Feb2014","K8","HGN","CNX","84","1008","12.0","2660","119.0"
"Feb2014","K8","NNT","CNX","8","96","12.0","360","192.0"
"Feb2014","K8","PHS","CNX","16","192","12.0","960","259.0"
"Feb2014","K8","PYY","CNX","12","144","12.0","300","87.0"
"Feb2014","PG","BKK","CNX","180.0","28608.0","158.93333333333334","13500.0","565.0"
"Feb2014","PG","BKK","LPT","84","5880","70.0","7560","497.0"
"Feb2014","PG","BKK","HKT","224.0","36090.0","161.11607142857142","19040.0","673.0"
"Feb2014","PG","CNX","BKK","180.0","28608.0","158.93333333333334","14400.0","565.0"
"Feb2014","PG","HKT","BKK","224.0","36090.0","161.11607142857142","19040.0","673.0"
"Feb2014","PG","LPT","BKK","84","5880","70.0","7560","497.0"
"Feb2014","TG","BKK","CEI","112.0","23644.0","211.10714285714286","8960.0","666.0"
"Feb2014","TG","BKK","HKT","300.0","86613.0","288.71","24252.0","673.0"
"Feb2014","TG","CEI","BKK","112.0","23644.0","211.10714285714286","8960.0","666.0"
"Feb2014","TG","HKT","BKK","315.0","91882.0","291.68888888888887","27055.0","673.0"
"Mar2014","DD","BFV","DMK","22","748","34.0","1430","296.0"
"Mar2014","DD","CEI","DMK","155","29295","189.0","11615","666.0"
"Mar2014","DD","CNX","DMK","220","41580","189.0","14300","565.0"
"Mar2014","DD","DMK","BFV","22","748","34.0","1430","296.0"
"Mar2014","DD","DMK","CNX","220","41580","189.0","15400","565.0"
"Mar2014","DD","DMK","CEI","155","29295","189.0","11625","666.0"
"Mar2014","DD","DMK","HDY","250","47250","189.0","21240","772.0"
"Mar2014","DD","DMK","LOE","61.0","3066.0","50.26229508196721","4575.0","410.0"
"Mar2014","DD","DMK","MAQ","138.0","4756.0","34.46376811594203","10345.0","380.0"
"Mar2014","DD","DMK","NST","186","35154","189.0","12650","610.0"
"Mar2014","DD","DMK","NNT","92.0","5560.0","60.43478260869565","8740.0","541.0"
"Mar2014","DD","DMK","PRH","31.0","1086.0","35.03225806451613","2630.0","470.0"
"Mar2014","DD","DMK","HKT","126","23814","189.0","9935","689.0"
"Mar2014","DD","DMK","URT","155","29295","189.0","10560","552.0"
"Mar2014","DD","DMK","TST","91","17199","189.0","7280","718.0"
"Mar2014","DD","DMK","UBP","186","35154","189.0","12090","483.0"
"Mar2014","DD","DMK","UTH","188","35532","189.0","12220","451.0"
"Mar2014","DD","HDY","DMK","250","47250","189.0","21395","772.0"
"Mar2014","DD","HKT","DMK","126","23814","189.0","10080","689.0"
"Mar2014","DD","LOE","DMK","61.0","3066.0","50.26229508196721","4575.0","410.0"
"Mar2014","DD","MAQ","DMK","138.0","4756.0","34.46376811594203","10350.0","380.0"
"Mar2014","DD","NNT","DMK","92.0","5560.0","60.43478260869565","8740.0","541.0"
"Mar2014","DD","NST","DMK","186","35154","189.0","12875","610.0"
"Mar2014","DD","PRH","DMK","31.0","1086.0","35.03225806451613","2630.0","470.0"
"Mar2014","DD","TST","DMK","91","17199","189.0","7280","718.0"
"Mar2014","DD","UBP","DMK","186","35154","189.0","11160","483.0"
"Mar2014","DD","URT","DMK","155","29295","189.0","10850","552.0"
"Mar2014","DD","UTH","DMK","188","35532","189.0","11280","451.0"
"Mar2014","FD","CEI","DMK","155","26040","168.0","12090","666.0"
"Mar2014","FD","CNX","DMK","372","62496","168.0","28345","565.0"
"Mar2014","FD","DMK","CNX","372","62496","168.0","28015","565.0"
"Mar2014","FD","DMK","CEI","155","26040","168.0","12245","666.0"
"Mar2014","FD","DMK","HDY","279","46872","168.0","23645","772.0"
"Mar2014","FD","DMK","KBV","248","41664","168.0","19790","666.0"
"Mar2014","FD","DMK","NST","124","20832","168.0","9415","610.0"
"Mar2014","FD","DMK","HKT","372","62496","168.0","29895","689.0"
"Mar2014","FD","DMK","URT","124","20832","168.0","8825","552.0"
"Mar2014","FD","HDY","DMK","279","46872","168.0","23485","772.0"
"Mar2014","FD","HKT","DMK","372","62496","168.0","30005","689.0"
"Mar2014","FD","KBV","DMK","248","41664","168.0","18960","666.0"
"Mar2014","FD","NST","DMK","124","20832","168.0","9290","610.0"
"Mar2014","FD","URT","DMK","124","20832","168.0","9125","552.0"
"Mar2014","K8","CNX","NNT","9","108","12.0","405","192.0"
"Mar2014","K8","NNT","CNX","9","108","12.0","405","192.0"
"Mar2014","PG","BKK","CNX","217.0","34476.0","158.87557603686636","16285.0","565.0"
"Mar2014","PG","BKK","USM","622.0","72266.0","116.18327974276528","44750.0","465.0"
"Mar2014","PG","BKK","LPT","93","6510","70.0","8370","497.0"
"Mar2014","PG","BKK","HKT","248.0","39654.0","159.8951612903226","21080.0","673.0"
"Mar2014","PG","CNX","BKK","217.0","34476.0","158.87557603686636","17360.0","565.0"
"Mar2014","PG","HKT","BKK","248.0","39654.0","159.8951612903226","21080.0","673.0"
"Mar2014","PG","LPT","BKK","93","6510","70.0","8370","497.0"
"Mar2014","TG","BKK","CEI","122.0","25500.0","209.01639344262296","9760.0","666.0"
"Mar2014","TG","BKK","KKC","126.0","29510.0","234.20634920634922","7075.0","367.0"
"Mar2014","TG","BKK","KBV","155.0","34324.0","221.44516129032257","12400.0","649.0"
"Mar2014","TG","BKK","HKT","333.0","98388.0","295.4594594594595","26919.0","673.0"
"Mar2014","TG","BKK","UTH","95.0","15420.0","162.31578947368422","6175.0","451.0"
"Mar2014","TG","CEI","BKK","122.0","25500.0","209.01639344262296","9760.0","666.0"
"Mar2014","TG","HKT","BKK","352.0","104951.0","298.15625","30240.0","673.0"
"Mar2014","TG","KBV","BKK","155.0","34324.0","221.44516129032257","12400.0","649.0"
"Mar2014","TG","KKC","BKK","126.0","29516.0","234.25396825396825","7085.0","367.0"
"Mar2014","TG","UTH","BKK","95.0","15420.0","162.31578947368422","5700.0","451.0"
"Apr2014","8B","HKT","BKK","4","1004","251.0","320","673.0"
"Apr2014","DD","BFV","DMK","13","858","66.0","845","296.0"
"Apr2014","DD","CEI","DMK","150","28350","189.0","11100","666.0"
"Apr2014","DD","CNX","DMK","240","45360","189.0","15600","565.0"
"Apr2014","DD","DMK","BFV","13","858","66.0","845","296.0"
"Apr2014","DD","DMK","CNX","240","45360","189.0","16800","565.0"
"Apr2014","DD","DMK","CEI","150","28350","189.0","11250","666.0"
"Apr2014","DD","DMK","HDY","270","51030","189.0","22800","772.0"
"Apr2014","DD","DMK","NST","180","34020","189.0","12600","610.0"
"Apr2014","DD","DMK","HKT","150","28350","189.0","12000","689.0"
"Apr2014","DD","DMK","URT","150","28350","189.0","10500","552.0"
"Apr2014","DD","DMK","UBP","180","34020","189.0","11700","483.0"
"Apr2014","DD","DMK","UTH","210","39690","189.0","13650","451.0"
"Apr2014","DD","HDY","DMK","270","51030","189.0","22950","772.0"
"Apr2014","DD","HKT","DMK","150","28350","189.0","12000","689.0"
"Apr2014","DD","NST","DMK","180","34020","189.0","12600","610.0"
"Apr2014","DD","UBP","DMK","180","34020","189.0","10800","483.0"
"Apr2014","DD","URT","DMK","150","28350","189.0","10500","552.0"
"Apr2014","DD","UTH","DMK","210","39690","189.0","12600","451.0"
"Apr2014","FD","CEI","DMK","150","25200","168.0","11870","666.0"
"Apr2014","FD","CNX","DMK","330","55440","168.0","24710","565.0"
"Apr2014","FD","DMK","CNX","330","55440","168.0","24045","565.0"
"Apr2014","FD","DMK","CEI","150","25200","168.0","11850","666.0"
"Apr2014","FD","DMK","HDY","250","42000","168.0","20200","772.0"
"Apr2014","FD","DMK","KBV","220","36960","168.0","16695","666.0"
"Apr2014","FD","DMK","NST","120","20160","168.0","8550","610.0"
"Apr2014","FD","DMK","HKT","377","63336","168.0","30225","689.0"
"Apr2014","FD","DMK","URT","120","20160","168.0","8315","552.0"
"Apr2014","FD","HDY","DMK","250","42000","168.0","21725","772.0"
"Apr2014","FD","HKT","DMK","377","63336","168.0","31235","689.0"
"Apr2014","FD","KBV","DMK","220","36960","168.0","17350","666.0"
"Apr2014","FD","NST","DMK","120","20160","168.0","8935","610.0"
"Apr2014","FD","URT","DMK","120","20160","168.0","8380","552.0"
"Apr2014","K8","CNX","NNT","8","96","12.0","360","192.0"
"Apr2014","K8","NNT","CNX","8","96","12.0","360","192.0"
"Apr2014","PG","BKK","CNX","198.0","30672.0","154.9090909090909","15000.0","565.0"
"Apr2014","PG","BKK","USM","618.0","71502.0","115.69902912621359","44495.0","465.0"
"Apr2014","PG","BKK","KBV","90.0","14004.0","155.6","7650.0","649.0"
"Apr2014","PG","BKK","LPT","90","6300","70.0","8100","497.0"
"Apr2014","PG","BKK","HKT","238.0","38388.0","161.2941176470588","20230.0","673.0"
"Apr2014","PG","BKK","TDX","90","6300","70.0","5400","233.0"
"Apr2014","PG","CNX","BKK","198.0","30672.0","154.9090909090909","15840.0","565.0"
"Apr2014","PG","HKT","BKK","238.0","38388.0","161.2941176470588","20230.0","673.0"
"Apr2014","PG","KBV","BKK","90.0","14004.0","155.6","7650.0","649.0"
"Apr2014","PG","LPT","BKK","90","6300","70.0","8100","497.0"
"Apr2014","PG","TDX","BKK","90","6300","70.0","5400","233.0"
"Apr2014","TG","BKK","KBV","101.0","25174.0","249.24752475247524","8080.0","649.0"
"Apr2014","TG","KBV","BKK","101.0","25132.0","248.83168316831683","8080.0","649.0"
"May2014","DD","CEI","DMK","155","29295","189.0","11470","666.0"
"May2014","DD","CNX","DMK","248","46872","189.0","16120","565.0"
"May2014","DD","DMK","CNX","248","46872","189.0","17360","565.0"
"May2014","DD","DMK","CEI","155","29295","189.0","11625","666.0"
"May2014","DD","DMK","HDY","279","52731","189.0","23560","772.0"
"May2014","DD","DMK","NST","186","35154","189.0","13020","610.0"
"May2014","DD","DMK","HKT","155","29295","189.0","12400","689.0"
"May2014","DD","DMK","UNN","31","2046","66.0","2945","497.0"
"May2014","DD","DMK","URT","155","29295","189.0","10850","552.0"
"May2014","DD","DMK","UBP","186","35154","189.0","12090","483.0"
"May2014","DD","DMK","UTH","217","41013","189.0","14105","451.0"
"May2014","DD","HDY","DMK","279","52731","189.0","23715","772.0"
"May2014","DD","HKT","DMK","155","29295","189.0","12400","689.0"
"May2014","DD","NST","DMK","186","35154","189.0","13020","610.0"
"May2014","DD","UBP","DMK","186","35154","189.0","11160","483.0"
"May2014","DD","UNN","DMK","31","2046","66.0","2945","497.0"
"May2014","DD","URT","DMK","155","29295","189.0","10850","552.0"
"May2014","DD","UTH","DMK","217","41013","189.0","13020","451.0"
"May2014","FD","CEI","DMK","155","26040","168.0","12400","666.0"
"May2014","FD","CNX","DMK","279","46872","168.0","20925","565.0"
"May2014","FD","DMK","CNX","279","46872","168.0","19995","565.0"
"May2014","FD","DMK","CEI","155","26040","168.0","12245","666.0"
"May2014","FD","DMK","KBV","186","31248","168.0","13950","666.0"
"May2014","FD","DMK","NST","124","20832","168.0","8835","610.0"
"May2014","FD","DMK","HKT","403","67704","168.0","32385","689.0"
"May2014","FD","DMK","URT","124","20832","168.0","8525","552.0"
"May2014","FD","HKT","DMK","403","67704","168.0","32885","689.0"
"May2014","FD","KBV","DMK","186","31248","168.0","14415","666.0"
"May2014","FD","NST","DMK","124","20832","168.0","9300","610.0"
"May2014","FD","URT","DMK","124","20832","168.0","8525","552.0"
"May2014","K8","CNX","PYY","14","168","12.0","350","87.0"
"May2014","K8","PYY","CNX","14","168","12.0","350","87.0"
"May2014","PG","BKK","CNX","207.0","31944.0","154.31884057971016","15680.0","565.0"
"May2014","PG","BKK","KBV","93.0","14508.0","156.0","7905.0","649.0"
"May2014","PG","BKK","LPT","93","6510","70.0","8370","497.0"
"May2014","PG","BKK","HKT","248.0","40134.0","161.83064516129033","21080.0","673.0"
"May2014","PG","CNX","BKK","207.0","31944.0","154.31884057971016","16560.0","565.0"
"May2014","PG","HKT","BKK","248.0","40134.0","161.83064516129033","21080.0","673.0"
"May2014","PG","KBV","BKK","93.0","14508.0","156.0","7905.0","649.0"
"May2014","PG","LPT","BKK","93","6510","70.0","8370","497.0"
"Jun2014","DD","CEI","DMK","149","28161","189.0","11030","666.0"
"Jun2014","DD","CNX","DMK","238","44982","189.0","15470","565.0"
"Jun2014","DD","DMK","CNX","238","44982","189.0","16660","565.0"
"Jun2014","DD","DMK","CEI","149","28161","189.0","11175","666.0"
"Jun2014","DD","DMK","HDY","268","50652","189.0","22630","772.0"
"Jun2014","DD","DMK","NST","179","33831","189.0","12520","610.0"
"Jun2014","DD","DMK","PRH","18","1188","66.0","1435","470.0"
"Jun2014","DD","DMK","HKT","149","28161","189.0","11925","689.0"
"Jun2014","DD","DMK","URT","150","28350","189.0","10500","552.0"
"Jun2014","DD","DMK","UBP","180","34020","189.0","11700","483.0"
"Jun2014","DD","DMK","UTH","210","39690","189.0","13650","451.0"
"Jun2014","DD","HDY","DMK","268","50652","189.0","22780","772.0"
"Jun2014","DD","HKT","DMK","149","28161","189.0","11920","689.0"
"Jun2014","DD","NST","DMK","179","33831","189.0","12525","610.0"
"Jun2014","DD","PRH","DMK","18","1188","66.0","1440","470.0"
"Jun2014","DD","UBP","DMK","180","34020","189.0","10800","483.0"
"Jun2014","DD","URT","DMK","150","28350","189.0","10500","552.0"
"Jun2014","DD","UTH","DMK","210","39690","189.0","12600","451.0"
"Jun2014","FD","CEI","DMK","106","19080","180.0","8590","666.0"
"Jun2014","FD","CNX","DMK","226","40680","180.0","17060","565.0"
"Jun2014","FD","DMK","CNX","226","40680","180.0","16380","565.0"
"Jun2014","FD","DMK","CEI","106","19080","180.0","8440","666.0"
"Jun2014","FD","DMK","KBV","158","28440","180.0","11740","666.0"
"Jun2014","FD","DMK","NST","98","17640","180.0","7010","610.0"
"Jun2014","FD","DMK","HKT","360","64800","180.0","28870","689.0"
"Jun2014","FD","DMK","URT","128","23040","180.0","8810","552.0"
"Jun2014","FD","HKT","DMK","360","64800","180.0","29250","689.0"
"Jun2014","FD","KBV","DMK","158","28440","180.0","12300","666.0"
"Jun2014","FD","NST","DMK","98","17640","180.0","7350","610.0"
"Jun2014","FD","URT","DMK","128","23040","180.0","8810","552.0"
"Jun2014","K8","CNX","NNT","9","108","12.0","405","192.0"
"Jun2014","K8","CNX","PHS","18","216","12.0","1080","259.0"
"Jun2014","K8","NNT","CNX","9","108","12.0","405","192.0"
"Jun2014","K8","PHS","CNX","18","216","12.0","1080","259.0"
"Jun2014","PG","BKK","CNX","185.0","28752.0","155.4162162162162","14025.0","565.0"
"Jun2014","PG","BKK","KBV","90.0","14040.0","156.0","7650.0","649.0"
"Jun2014","PG","BKK","LPT","90","6300","70.0","8100","497.0"
"Jun2014","PG","BKK","HKT","240","38880","162.0","20400","673.0"
"Jun2014","PG","CNX","BKK","185.0","28752.0","155.4162162162162","14800.0","565.0"
"Jun2014","PG","HKT","BKK","240","38880","162.0","20400","673.0"
"Jun2014","PG","HKT","USM","133","9310","70.0","7315","249.0"
"Jun2014","PG","KBV","BKK","90.0","14040.0","156.0","7650.0","649.0"
"Jun2014","PG","LPT","BKK","90","6300","70.0","8100","497.0"
"Jun2014","PG","USM","HKT","133","9310","70.0","7980","249.0"
"Jul2014","DD","BFV","DMK","14","924","66.0","910","296.0"
"Jul2014","DD","CEI","DMK","124","23436","189.0","9300","666.0"
"Jul2014","DD","CNX","DMK","186.0","35398.0","190.31182795698925","12100.0","565.0"
"Jul2014","DD","DMK","BFV","14","924","66.0","910","296.0"
"Jul2014","DD","DMK","CNX","186.0","35398.0","190.31182795698925","13015.0","565.0"
"Jul2014","DD","DMK","CEI","124","23436","189.0","9300","666.0"
"Jul2014","DD","DMK","HKT","124","23436","189.0","10075","689.0"
"Jul2014","DD","DMK","SNO","53","10017","189.0","3710","521.0"
"Jul2014","DD","DMK","URT","155","29295","189.0","10850","552.0"
"Jul2014","DD","DMK","UBP","208","39312","189.0","13520","483.0"
"Jul2014","DD","DMK","UTH","217","41013","189.0","14105","451.0"
"Jul2014","DD","HKT","DMK","124","23436","189.0","9920","689.0"
"Jul2014","DD","SNO","DMK","53","10017","189.0","3555","521.0"
"Jul2014","DD","UBP","DMK","208","39312","189.0","12480","483.0"
"Jul2014","DD","URT","DMK","155","29295","189.0","10850","552.0"
"Jul2014","DD","UTH","DMK","217","41013","189.0","13020","451.0"
"Jul2014","FD","CEI","DMK","105","18900","180.0","8525","666.0"
"Jul2014","FD","CNX","DMK","230","41400","180.0","17370","565.0"
"Jul2014","FD","CNX","HKT","79","14220","180.0","9790","1181.0"
"Jul2014","FD","DMK","CNX","230","41400","180.0","16680","565.0"
"Jul2014","FD","DMK","CEI","105","18900","180.0","8370","666.0"
"Jul2014","FD","DMK","KBV","161","28980","180.0","11950","666.0"
"Jul2014","FD","DMK","NST","124","22320","180.0","8835","610.0"
"Jul2014","FD","DMK","URT","155","27900","180.0","10695","552.0"
"Jul2014","FD","HKT","CNX","79","14220","180.0","9635","1181.0"
"Jul2014","FD","KBV","DMK","161","28980","180.0","12540","666.0"
"Jul2014","FD","NST","DMK","124","22320","180.0","9300","610.0"
"Jul2014","FD","URT","DMK","155","27900","180.0","10695","552.0"
"Jul2014","K8","CNX","HGN","95","1140","12.0","3325","119.0"
"Jul2014","K8","HGN","CNX","95","1140","12.0","3055","119.0"
"Jul2014","PG","BKK","CNX","219.0","32700.0","149.31506849315068","16580.0","565.0"
"Jul2014","PG","BKK","KBV","93.0","14976.0","161.03225806451613","7900.0","649.0"
"Jul2014","PG","BKK","LPT","93","6510","70.0","8370","497.0"
"Jul2014","PG","BKK","HKT","237.0","38046.0","160.53164556962025","20145.0","673.0"
"Jul2014","PG","CNX","BKK","193.0","28956.0","150.03108808290156","15440.0","565.0"
"Jul2014","PG","CNX","USM","57","8208","144.0","5985","1027.0"
"Jul2014","PG","HKT","BKK","237.0","38046.0","160.53164556962025","20145.0","673.0"
"Jul2014","PG","HKT","USM","146","10220","70.0","8030","249.0"
"Jul2014","PG","KBV","BKK","93.0","14976.0","161.03225806451613","7905.0","649.0"
"Jul2014","PG","LPT","BKK","93","6510","70.0","8370","497.0"
"Jul2014","PG","USM","HKT","146","10220","70.0","8760","249.0"
"Aug2014","DD","CEI","DMK","124","23436","189.0","9300","666.0"
"Aug2014","DD","DMK","CEI","124","23436","189.0","9300","666.0"
"Aug2014","DD","DMK","LOE","48.0","7321.0","152.52083333333334","3290.0","410.0"
"Aug2014","DD","DMK","HKT","124","23436","189.0","10075","689.0"
"Aug2014","DD","DMK","UNN","48.0","5751.0","119.8125","3950.0","497.0"
"Aug2014","DD","DMK","SNO","62","11718","189.0","4340","521.0"
"Aug2014","DD","DMK","URT","155","29295","189.0","10850","552.0"
"Aug2014","DD","DMK","UBP","217","41013","189.0","14260","483.0"
"Aug2014","DD","DMK","UTH","234","44226","189.0","15210","451.0"
"Aug2014","DD","HKT","DMK","124","23436","189.0","9920","689.0"
"Aug2014","DD","LOE","DMK","48.0","7321.0","152.52083333333334","3135.0","410.0"
"Aug2014","DD","SNO","DMK","62","11718","189.0","4185","521.0"
"Aug2014","DD","UBP","DMK","217","41013","189.0","13330","483.0"
"Aug2014","DD","UNN","DMK","48.0","5751.0","119.8125","4035.0","497.0"
"Aug2014","DD","URT","DMK","155","29295","189.0","10850","552.0"
"Aug2014","DD","UTH","DMK","234","44226","189.0","14040","451.0"
"Aug2014","FD","CEI","DMK","103","18540","180.0","8395","666.0"
"Aug2014","FD","CNX","DMK","279","50220","180.0","20925","565.0"
"Aug2014","FD","CNX","HKT","93","16740","180.0","11470","1181.0"
"Aug2014","FD","DMK","CNX","279","50220","180.0","19995","565.0"
"Aug2014","FD","DMK","CEI","103","18540","180.0","8190","666.0"
"Aug2014","FD","DMK","KBV","185","33300","180.0","13720","666.0"
"Aug2014","FD","DMK","NST","124","22320","180.0","8835","610.0"
"Aug2014","FD","DMK","URT","155","27900","180.0","10695","552.0"
"Aug2014","FD","HKT","CNX","93","16740","180.0","11315","1181.0"
"Aug2014","FD","KBV","DMK","185","33300","180.0","14340","666.0"
"Aug2014","FD","NST","DMK","124","22320","180.0","9300","610.0"
"Aug2014","FD","URT","DMK","155","27900","180.0","10695","552.0"
"Aug2014","K8","CNX","HGN","101","1212","12.0","3535","119.0"
"Aug2014","K8","CNX","NNT","10","120","12.0","450","192.0"
"Aug2014","K8","CNX","PYY","15","180","12.0","375","87.0"
"Aug2014","K8","CNX","PHS","18","216","12.0","1080","259.0"
"Aug2014","K8","HGN","CNX","101","1212","12.0","3535","119.0"
"Aug2014","K8","NNT","CNX","10","120","12.0","450","192.0"
"Aug2014","K8","PHS","CNX","18","216","12.0","1080","259.0"
"Aug2014","K8","PYY","CNX","15","180","12.0","375","87.0"
"Aug2014","PG","BKK","CNX","238.0","37620.0","158.0672268907563","18005.0","565.0"
"Aug2014","PG","BKK","KBV","93","15066","162.0","7905","649.0"
"Aug2014","PG","BKK","LPT","93","6510","70.0","8370","497.0"
"Aug2014","PG","BKK","HKT","245","39690","162.0","20825","673.0"
"Aug2014","PG","CNX","BKK","214.0","34164.0","159.6448598130841","17120.0","565.0"
"Aug2014","PG","HKT","BKK","245","39690","162.0","20825","673.0"
"Aug2014","PG","KBV","BKK","93","15066","162.0","7905","649.0"
"Aug2014","PG","LPT","BKK","93","6510","70.0","8370","497.0"
"Sep2014","DD","CEI","DMK","120","22680","189.0","9000","666.0"
"Sep2014","DD","CNX","DMK","227","42903","189.0","14755","565.0"
"Sep2014","DD","DMK","CNX","227","42903","189.0","15890","565.0"
"Sep2014","DD","DMK","CEI","120","22680","189.0","9000","666.0"
"Sep2014","DD","DMK","HKT","120","22680","189.0","9750","689.0"
"Sep2014","DD","DMK","SNO","60","11340","189.0","4200","521.0"
"Sep2014","DD","DMK","URT","150","28350","189.0","10500","552.0"
"Sep2014","DD","DMK","TST","76","14364","189.0","6080","718.0"
"Sep2014","DD","DMK","UBP","210","39690","189.0","13800","483.0"
"Sep2014","DD","DMK","UTH","240","45360","189.0","15600","451.0"
"Sep2014","DD","HKT","DMK","120","22680","189.0","9600","689.0"
"Sep2014","DD","SNO","DMK","60","11340","189.0","4020","521.0"
"Sep2014","DD","TST","DMK","76","14364","189.0","6080","718.0"
"Sep2014","DD","UBP","DMK","210","39690","189.0","12900","483.0"
"Sep2014","DD","URT","DMK","150","28350","189.0","10500","552.0"
"Sep2014","DD","UTH","DMK","240","45360","189.0","14400","451.0"
"Sep2014","FD","CEI","DMK","90","16200","180.0","7350","666.0"
"Sep2014","FD","CNX","HKT","90","16200","180.0","11100","1181.0"
"Sep2014","FD","DMK","CEI","90","16200","180.0","7200","666.0"
"Sep2014","FD","DMK","NST","120","21600","180.0","8550","610.0"
"Sep2014","FD","DMK","URT","150","27000","180.0","10350","552.0"
"Sep2014","FD","HKT","CNX","90","16200","180.0","10950","1181.0"
"Sep2014","FD","NST","DMK","120","21600","180.0","9000","610.0"
"Sep2014","FD","URT","DMK","150","27000","180.0","10350","552.0"
"Sep2014","K8","CNX","HGN","99","1188","12.0","3465","119.0"
"Sep2014","K8","HGN","CNX","99","1188","12.0","3465","119.0"
"Sep2014","PG","BKK","CNX","210.0","32454.0","154.54285714285714","15900.0","565.0"
"Sep2014","PG","BKK","USM","567.0","66506.0","117.29453262786596","40430.0","465.0"
"Sep2014","PG","BKK","KBV","90.0","14076.0","156.4","7650.0","649.0"
"Sep2014","PG","BKK","LPT","90","6300","70.0","8100","497.0"
"Sep2014","PG","BKK","HKT","238","38556","162.0","20230","673.0"
"Sep2014","PG","CNX","BKK","210.0","32490.0","154.71428571428572","16800.0","565.0"
"Sep2014","PG","HKT","BKK","238","38556","162.0","20230","673.0"
"Sep2014","PG","HKT","USM","150","10500","70.0","8250","249.0"
"Sep2014","PG","KBV","BKK","90.0","14076.0","156.4","7650.0","649.0"
"Sep2014","PG","LPT","BKK","90","6300","70.0","8100","497.0"
"Sep2014","PG","USM","HKT","150","10500","70.0","9000","249.0"
"Oct2014","8B","BKK","HKT","9","2259","251.0","720","673.0"
"Oct2014","8B","HKT","BKK","9","2259","251.0","720","673.0"
"Oct2014","8B","HKT","URT","13","3263","251.0","390","145.0"
"Oct2014","8B","URT","HKT","13","3263","251.0","390","145.0"
"Oct2014","DD","BFV","DMK","17","1122","66.0","1105","296.0"
"Oct2014","DD","CEI","DMK","155","29295","189.0","11625","666.0"
"Oct2014","DD","CJM","DMK","68.0","4728.0","69.52941176470588","4730.0","380.0"
"Oct2014","DD","CNX","DMK","347","65583","189.0","22525","565.0"
"Oct2014","DD","DMK","BFV","17","1122","66.0","1105","296.0"
"Oct2014","DD","DMK","CNX","347","65583","189.0","24290","565.0"
"Oct2014","DD","DMK","CEI","155","29295","189.0","11625","666.0"
"Oct2014","DD","DMK","CJM","68.0","4728.0","69.52941176470588","4635.0","380.0"
"Oct2014","DD","DMK","HDY","242","45738","189.0","20445","772.0"
"Oct2014","DD","DMK","LOE","37.0","3062.0","82.75675675675676","2745.0","410.0"
"Oct2014","DD","DMK","NST","161","30429","189.0","10990","610.0"
"Oct2014","DD","DMK","NNT","74.0","5504.0","74.37837837837837","6720.0","541.0"
"Oct2014","DD","DMK","HKT","130","24570","189.0","10525","689.0"
"Oct2014","DD","DMK","URT","155","29295","189.0","10730","552.0"
"Oct2014","DD","DMK","TST","93","17577","189.0","7440","718.0"
"Oct2014","DD","DMK","UBP","217","41013","189.0","14230","483.0"
"Oct2014","DD","DMK","UTH","248","46872","189.0","16060","451.0"
"Oct2014","DD","HDY","DMK","242","45738","189.0","20570","772.0"
"Oct2014","DD","HKT","DMK","130","24570","189.0","10400","689.0"
"Oct2014","DD","LOE","DMK","37.0","3062.0","82.75675675675676","2745.0","410.0"
"Oct2014","DD","NNT","DMK","74.0","5504.0","74.37837837837837","6720.0","541.0"
"Oct2014","DD","NST","DMK","161","30429","189.0","11145","610.0"
"Oct2014","DD","TST","DMK","93","17577","189.0","7440","718.0"
"Oct2014","DD","UBP","DMK","217","41013","189.0","13270","483.0"
"Oct2014","DD","URT","DMK","155","29295","189.0","10790","552.0"
"Oct2014","DD","UTH","DMK","248","46872","189.0","14880","451.0"
"Oct2014","FD","CEI","DMK","155","27900","180.0","12340","666.0"
"Oct2014","FD","CNX","DMK","372","66960","180.0","27615","565.0"
"Oct2014","FD","CNX","HKT","93","16740","180.0","11470","1181.0"
"Oct2014","FD","DMK","CNX","372","66960","180.0","27210","565.0"
"Oct2014","FD","DMK","CEI","155","27900","180.0","12245","666.0"
"Oct2014","FD","DMK","HDY","254","45720","180.0","20840","772.0"
"Oct2014","FD","DMK","KKC","124","22320","180.0","6635","367.0"
"Oct2014","FD","DMK","KBV","248","44640","180.0","18840","666.0"
"Oct2014","FD","DMK","NST","124","22320","180.0","8955","610.0"
"Oct2014","FD","DMK","HKT","372","66960","180.0","29855","689.0"
"Oct2014","FD","DMK","URT","155","27900","180.0","10755","552.0"
"Oct2014","FD","HDY","DMK","254","45720","180.0","21905","772.0"
"Oct2014","FD","HKT","DMK","372","66960","180.0","30225","689.0"
"Oct2014","FD","HKT","CNX","93","16740","180.0","11225","1181.0"
"Oct2014","FD","KBV","DMK","248","44640","180.0","19410","666.0"
"Oct2014","FD","KKC","DMK","124","22320","180.0","6665","367.0"
"Oct2014","FD","NST","DMK","124","22320","180.0","9300","610.0"
"Oct2014","FD","URT","DMK","155","27900","180.0","10815","552.0"
"Oct2014","K8","CNX","HGN","102","1224","12.0","3570","119.0"
"Oct2014","K8","CNX","NNT","9","108","12.0","405","192.0"
"Oct2014","K8","CNX","PYY","13","156","12.0","325","87.0"
"Oct2014","K8","CNX","PHS","18","216","12.0","1080","259.0"
"Oct2014","K8","HGN","CNX","102","1224","12.0","3570","119.0"
"Oct2014","K8","NNT","CNX","9","108","12.0","405","192.0"
"Oct2014","K8","PHS","CNX","18","216","12.0","1080","259.0"
"Oct2014","K8","PYY","CNX","13","156","12.0","325","87.0"
"Oct2014","PG","BKK","CNX","211.0","33192.0","157.30805687203792","15960.0","565.0"
"Oct2014","PG","BKK","USM","552.0","65154.0","118.03260869565217","39495.0","465.0"
"Oct2014","PG","BKK","KBV","99.0","15948.0","161.0909090909091","8415.0","649.0"
"Oct2014","PG","BKK","LPT","92","6440","70.0","8280","497.0"
"Oct2014","PG","BKK","HKT","239.0","38646.0","161.69874476987448","20315.0","673.0"
"Oct2014","PG","CNX","BKK","211.0","33318.0","157.90521327014218","16880.0","565.0"
"Oct2014","PG","HKT","BKK","239.0","38646.0","161.69874476987448","20315.0","673.0"
"Oct2014","PG","HKT","USM","149","10430","70.0","8195","249.0"
"Oct2014","PG","KBV","BKK","99.0","15948.0","161.0909090909091","8415.0","649.0"
"Oct2014","PG","LPT","BKK","92","6440","70.0","8280","497.0"
"Oct2014","PG","USM","HKT","149","10430","70.0","8940","249.0"
"Nov2014","8B","BKK","HKT","9","2259","251.0","720","673.0"
"Nov2014","8B","HKT","URT","12","3012","251.0","360","145.0"
"Nov2014","8B","URT","HKT","12","3012","251.0","360","145.0"
"Nov2014","DD","CJM","DMK","84.0","6564.0","78.14285714285714","5625.0","380.0"
"Nov2014","DD","CNX","DMK","360","68040","189.0","23250","565.0"
"Nov2014","DD","DMK","CNX","360","68040","189.0","25200","565.0"
"Nov2014","DD","DMK","CJM","84.0","6564.0","78.14285714285714","5670.0","380.0"
"Nov2014","DD","DMK","NST","180","34020","189.0","12450","610.0"
"Nov2014","DD","DMK","NNT","114.0","8844.0","77.57894736842105","10740.0","541.0"
"Nov2014","DD","DMK","HKT","150","28350","189.0","12000","689.0"
"Nov2014","DD","DMK","SNO","51","9639","189.0","3570","521.0"
"Nov2014","DD","DMK","UBP","210","39690","189.0","13650","483.0"
"Nov2014","DD","DMK","UTH","240","45360","189.0","15405","451.0"
"Nov2014","DD","HKT","DMK","150","28350","189.0","12000","689.0"
"Nov2014","DD","NNT","DMK","114.0","8844.0","77.57894736842105","10740.0","541.0"
"Nov2014","DD","NST","DMK","180","34020","189.0","12600","610.0"
"Nov2014","DD","SNO","DMK","51","9639","189.0","3570","521.0"
"Nov2014","DD","UBP","DMK","210","39690","189.0","12705","483.0"
"Nov2014","DD","UTH","DMK","240","45360","189.0","14400","451.0"
"Nov2014","E8","DMK","HKT","30","4470","149.0","2250","689.0"
"Nov2014","E8","HKT","DMK","30","4470","149.0","2328","689.0"
"Nov2014","FD","CEI","DMK","144","25920","180.0","11235","666.0"
"Nov2014","FD","CNX","HKT","87","15660","180.0","10725","1181.0"
"Nov2014","FD","DMK","CEI","144","25920","180.0","11245","666.0"
"Nov2014","FD","DMK","KKC","120","21600","180.0","6300","367.0"
"Nov2014","FD","DMK","KBV","240","43200","180.0","19480","666.0"
"Nov2014","FD","DMK","NST","120","21600","180.0","9290","610.0"
"Nov2014","FD","DMK","PHS","60","10800","180.0","3300","320.0"
"Nov2014","FD","DMK","URT","150","27000","180.0","10790","552.0"
"Nov2014","FD","HKT","CNX","87","15660","180.0","10155","1181.0"
"Nov2014","FD","KBV","DMK","240","43200","180.0","18300","666.0"
"Nov2014","FD","KKC","DMK","120","21600","180.0","6170","367.0"
"Nov2014","FD","NST","DMK","120","21600","180.0","9140","610.0"
"Nov2014","FD","PHS","DMK","60","10800","180.0","3450","320.0"
"Nov2014","FD","URT","DMK","150","27000","180.0","10670","552.0"
"Nov2014","K8","CNX","HGN","98","1176","12.0","3430","119.0"
"Nov2014","K8","HGN","CNX","98","1176","12.0","3430","119.0"
"Nov2014","PG","BKK","CNX","196.0","30384.0","155.0204081632653","14700.0","565.0"
"Nov2014","PG","BKK","KBV","120","19440","162.0","10200","649.0"
"Nov2014","PG","BKK","HKT","240.0","38244.0","159.35","20400.0","673.0"
"Nov2014","PG","BKK","THS","61","4270","70.0","4575","377.0"
"Nov2014","PG","BKK","UTH","71.0","10662.0","150.16901408450704","4615.0","451.0"
"Nov2014","PG","CNX","BKK","196.0","30390.0","155.05102040816325","15680.0","565.0"
"Nov2014","PG","HKT","BKK","240.0","38244.0","159.35","20400.0","673.0"
"Nov2014","PG","KBV","BKK","120.0","19422.0","161.85","10200.0","649.0"
"Nov2014","PG","THS","BKK","61","4270","70.0","4575","377.0"
"Nov2014","PG","UTH","BKK","71.0","10662.0","150.16901408450704","4615.0","451.0"
"Dec2014","8B","HKT","URT","15","3765","251.0","450","145.0"
"Dec2014","8B","URT","HKT","15","3765","251.0","450","145.0"
"Dec2014","DD","CEI","DMK","186","35154","189.0","13640","666.0"
"Dec2014","DD","CJM","DMK","93","7998","86.0","6200","380.0"
"Dec2014","DD","CNX","DMK","372","70308","189.0","24025","565.0"
"Dec2014","DD","DMK","CNX","372","70308","189.0","26040","565.0"
"Dec2014","DD","DMK","CEI","186","35154","189.0","13950","666.0"
"Dec2014","DD","DMK","CJM","93","7998","86.0","6200","380.0"
"Dec2014","DD","DMK","NNT","124.0","10044.0","81.0","11780.0","541.0"
"Dec2014","DD","DMK","HKT","155","29295","189.0","12400","689.0"
"Dec2014","DD","DMK","UNN","62.0","4712.0","76.0","5580.0","497.0"
"Dec2014","DD","DMK","ROI","62.0","4712.0","76.0","4650.0","418.0"
"Dec2014","DD","DMK","SNO","62","11718","189.0","4340","521.0"
"Dec2014","DD","DMK","UBP","217","41013","189.0","14105","483.0"
"Dec2014","DD","DMK","UTH","248","46872","189.0","15965","451.0"
"Dec2014","DD","HKT","DMK","155","29295","189.0","12400","689.0"
"Dec2014","DD","NNT","DMK","124.0","10044.0","81.0","11780.0","541.0"
"Dec2014","DD","ROI","DMK","62.0","4712.0","76.0","4650.0","418.0"
"Dec2014","DD","SNO","DMK","62","11718","189.0","4340","521.0"
"Dec2014","DD","UBP","DMK","217","41013","189.0","13175","483.0"
"Dec2014","DD","UNN","DMK","62.0","4712.0","76.0","5735.0","497.0"
"Dec2014","DD","UTH","DMK","248","46872","189.0","14880","451.0"
"Dec2014","FD","CEI","DMK","155","27900","180.0","12090","666.0"
"Dec2014","FD","CNX","KBV","62","11160","180.0","7440","1181.0"
"Dec2014","FD","CNX","HKT","93","16740","180.0","11470","1181.0"
"Dec2014","FD","DMK","CEI","155","27900","180.0","12090","666.0"
"Dec2014","FD","DMK","KKC","124","22320","180.0","6510","367.0"
"Dec2014","FD","DMK","URT","155","27900","180.0","11160","552.0"
"Dec2014","FD","HKT","CNX","93","16740","180.0","10850","1181.0"
"Dec2014","FD","KBV","CNX","62","11160","180.0","6975","1181.0"
"Dec2014","FD","KKC","DMK","124","22320","180.0","6355","367.0"
"Dec2014","FD","URT","DMK","155","27900","180.0","11005","552.0"
"Dec2014","K8","CNX","HGN","102","1224","12.0","3570","119.0"
"Dec2014","K8","HGN","CNX","102","1224","12.0","3570","119.0"
"Dec2014","PG","BKK","CNX","212.0","33072.0","156.0","15900.0","565.0"
"Dec2014","PG","BKK","KBV","124.0","19944.0","160.83870967741936","10540.0","649.0"
"Dec2014","PG","BKK","UTH","85.0","12918.0","151.9764705882353","5525.0","451.0"
"Dec2014","PG","CNX","BKK","212.0","33072.0","156.0","16960.0","565.0"
"Dec2014","PG","KBV","BKK","124.0","19920.0","160.6451612903226","10540.0","649.0"
"Dec2014","PG","UTH","BKK","85.0","12918.0","151.9764705882353","5525.0","451.0"
"Jan2015","8B","BKK","HKT","8","2008","251.0","640","673.0"
"Jan2015","8B","HKT","BKK","8","2008","251.0","640","673.0"
"Jan2015","DD","CEI","DMK","199","37611","189.0","14615","666.0"
"Jan2015","DD","CJM","DMK","93.0","7738.0","83.20430107526882","6200.0","380.0"
"Jan2015","DD","CNX","DMK","372","70308","189.0","24025","565.0"
"Jan2015","DD","DMK","CNX","372","70308","189.0","26040","565.0"
"Jan2015","DD","DMK","CEI","199","37611","189.0","14925","666.0"
"Jan2015","DD","DMK","CJM","93.0","7738.0","83.20430107526882","6200.0","380.0"
"Jan2015","DD","DMK","KBV","80","15120","189.0","6400","666.0"
"Jan2015","DD","DMK","NNT","124.0","10044.0","81.0","11780.0","541.0"
"Jan2015","DD","DMK","HKT","155","29295","189.0","12400","689.0"
"Jan2015","DD","DMK","SNO","75","14175","189.0","5250","521.0"
"Jan2015","DD","DMK","UBP","217","41013","189.0","14105","483.0"
"Jan2015","DD","DMK","UTH","248","46872","189.0","15965","451.0"
"Jan2015","DD","HKT","DMK","155","29295","189.0","12400","689.0"
"Jan2015","DD","KBV","DMK","80","15120","189.0","6400","666.0"
"Jan2015","DD","NNT","DMK","124.0","10044.0","81.0","11780.0","541.0"
"Jan2015","DD","SNO","DMK","75","14175","189.0","5185","521.0"
"Jan2015","DD","UBP","DMK","217","41013","189.0","13175","483.0"
"Jan2015","DD","UTH","DMK","248","46872","189.0","14880","451.0"
"Jan2015","FD","CEI","DMK","155","27900","180.0","12090","666.0"
"Jan2015","FD","CNX","KBV","62","11160","180.0","7440","1181.0"
"Jan2015","FD","CNX","HKT","93","16740","180.0","11470","1181.0"
"Jan2015","FD","DMK","CEI","155","27900","180.0","12090","666.0"
"Jan2015","FD","DMK","KKC","124","22320","180.0","6510","367.0"
"Jan2015","FD","DMK","KOP","37","6660","180.0","2775","579.0"
"Jan2015","FD","DMK","URT","155","27900","180.0","11160","552.0"
"Jan2015","FD","HKT","CNX","93","16740","180.0","10850","1181.0"
"Jan2015","FD","KBV","CNX","62","11160","180.0","6975","1181.0"
"Jan2015","FD","KKC","DMK","124","22320","180.0","6355","367.0"
"Jan2015","FD","KOP","DMK","37","6660","180.0","2775","579.0"
"Jan2015","FD","URT","DMK","155","27900","180.0","11005","552.0"
"Jan2015","K8","CNX","HGN","102","1224","12.0","3505","119.0"
"Jan2015","K8","CNX","PYY","18","216","12.0","450","87.0"
"Jan2015","K8","HGN","CNX","102","1224","12.0","3505","119.0"
"Jan2015","K8","PYY","CNX","18","216","12.0","450","87.0"
"Jan2015","PG","BKK","KBV","124.0","20070.0","161.8548387096774","10540.0","649.0"
"Jan2015","PG","BKK","UTH","82.0","12162.0","148.3170731707317","5330.0","451.0"
"Jan2015","PG","KBV","BKK","124.0","20070.0","161.8548387096774","10540.0","649.0"
"Jan2015","PG","UTH","BKK","82.0","12162.0","148.3170731707317","5330.0","451.0"
"Feb2015","DD","CEI","DMK","196","37044","189.0","14420","666.0"
"Feb2015","DD","CNX","DMK","336","63504","189.0","21700","565.0"
"Feb2015","DD","DMK","CNX","336","63504","189.0","23520","565.0"
"Feb2015","DD","DMK","CEI","196","37044","189.0","14700","666.0"
"Feb2015","DD","DMK","NNT","112.0","9072.0","81.0","10360.0","541.0"
"Feb2015","DD","DMK","HKT","140","26460","189.0","11200","689.0"
"Feb2015","DD","DMK","SNO","84","15876","189.0","5880","521.0"
"Feb2015","DD","DMK","UBP","196","37044","189.0","12740","483.0"
"Feb2015","DD","DMK","UTH","224","42336","189.0","14420","451.0"
"Feb2015","DD","HKT","DMK","140","26460","189.0","11200","689.0"
"Feb2015","DD","NNT","DMK","112.0","9072.0","81.0","10220.0","541.0"
"Feb2015","DD","SNO","DMK","84","15876","189.0","5740","521.0"
"Feb2015","DD","UBP","DMK","196","37044","189.0","11900","483.0"
"Feb2015","DD","UTH","DMK","224","42336","189.0","13440","451.0"
"Feb2015","FD","CNX","KBV","56","10080","180.0","6720","1181.0"
"Feb2015","FD","CNX","HKT","84","15120","180.0","10360","1181.0"
"Feb2015","FD","DMK","KKC","112","20160","180.0","5880","367.0"
"Feb2015","FD","DMK","KOP","56","10080","180.0","4200","579.0"
"Feb2015","FD","DMK","URT","140","25200","180.0","10080","552.0"
"Feb2015","FD","HKT","CNX","84","15120","180.0","9800","1181.0"
"Feb2015","FD","KBV","CNX","56","10080","180.0","6300","1181.0"
"Feb2015","FD","KKC","DMK","112","20160","180.0","5740","367.0"
"Feb2015","FD","KOP","DMK","56","10080","180.0","4200","579.0"
"Feb2015","FD","URT","DMK","140","25200","180.0","9940","552.0"
"Feb2015","K8","CEI","CNX","8","96","12.0","280","153.0"
"Feb2015","K8","CNX","CEI","8","96","12.0","280","153.0"
"Feb2015","K8","CNX","KKC","28","336","12.0","1960","480.0"
"Feb2015","K8","CNX","HGN","92","1104","12.0","3080","119.0"
"Feb2015","K8","CNX","PYY","20","240","12.0","500","87.0"
"Feb2015","K8","HGN","CNX","92","1104","12.0","3080","119.0"
"Feb2015","K8","KKC","CNX","28","336","12.0","1960","480.0"
"Feb2015","K8","PYY","CNX","20","240","12.0","500","87.0"
"Feb2015","PG","BKK","USM","572.0","63470.0","110.96153846153847","42270.0","465.0"
"Feb2015","PG","BKK","KBV","112","18144","162.0","9520","649.0"
"Feb2015","PG","KBV","BKK","112","18144","162.0","9520","649.0"
"Feb2015","PG","USM","BKK","572.0","63470.0","110.96153846153847","42405.0","465.0"
"Mar2015","DD","BFV","DMK","31","2046","66.0","2015","296.0"
"Mar2015","DD","CJM","DMK","62.0","4712.0","76.0","4045.0","380.0"
"Mar2015","DD","CNX","DMK","304","57456","189.0","19620","565.0"
"Mar2015","DD","DMK","BFV","31","2046","66.0","2015","296.0"
"Mar2015","DD","DMK","CNX","304","57456","189.0","21280","565.0"
"Mar2015","DD","DMK","CJM","62.0","4712.0","76.0","4030.0","380.0"
"Mar2015","DD","DMK","KBV","93","17577","189.0","7455","666.0"
"Mar2015","DD","DMK","LOE","62","11718","189.0","4030","410.0"
"Mar2015","DD","DMK","NNT","155.0","12650.0","81.61290322580645","14280.0","541.0"
"Mar2015","DD","DMK","HKT","155","29295","189.0","12400","689.0"
"Mar2015","DD","DMK","UNN","62.0","4712.0","76.0","5580.0","497.0"
"Mar2015","DD","DMK","ROI","93.0","6818.0","73.31182795698925","6945.0","418.0"
"Mar2015","DD","DMK","SNO","93","17577","189.0","6510","521.0"
"Mar2015","DD","DMK","TST","93","17577","189.0","7410","718.0"
"Mar2015","DD","DMK","UBP","217","41013","189.0","14090","483.0"
"Mar2015","DD","DMK","UTH","248","46872","189.0","15920","451.0"
"Mar2015","DD","HKT","DMK","155","29295","189.0","12415","689.0"
"Mar2015","DD","KBV","DMK","93","17577","189.0","7410","666.0"
"Mar2015","DD","LOE","DMK","62","11718","189.0","4030","410.0"
"Mar2015","DD","NNT","DMK","155.0","12650.0","81.61290322580645","14140.0","541.0"
"Mar2015","DD","ROI","DMK","93.0","6818.0","73.31182795698925","6930.0","418.0"
"Mar2015","DD","SNO","DMK","93","17577","189.0","6370","521.0"
"Mar2015","DD","TST","DMK","93","17577","189.0","7270","718.0"
"Mar2015","DD","UBP","DMK","217","41013","189.0","13160","483.0"
"Mar2015","DD","UNN","DMK","62.0","4712.0","76.0","5720.0","497.0"
"Mar2015","DD","UTH","DMK","248","46872","189.0","14850","451.0"
"Mar2015","FD","CNX","KBV","62","11160","180.0","7425","1181.0"
"Mar2015","FD","CNX","HKT","93","16740","180.0","11470","1181.0"
"Mar2015","FD","DMK","KKC","124","22320","180.0","6540","367.0"
"Mar2015","FD","DMK","KOP","62","11160","180.0","4635","579.0"
"Mar2015","FD","DMK","HKT","403","72540","180.0","32270","689.0"
"Mar2015","FD","DMK","URT","155","27900","180.0","11115","552.0"
"Mar2015","FD","HKT","DMK","403","72540","180.0","32860","689.0"
"Mar2015","FD","HKT","CNX","93","16740","180.0","10865","1181.0"
"Mar2015","FD","KBV","CNX","62","11160","180.0","6990","1181.0"
"Mar2015","FD","KKC","DMK","124","22320","180.0","6400","367.0"
"Mar2015","FD","KOP","DMK","62","11160","180.0","4620","579.0"
"Mar2015","FD","URT","DMK","155","27900","180.0","10975","552.0"
"Mar2015","K8","CEI","CNX","9","106","11.777777777777779","315","153.0"
"Mar2015","K8","CNX","CEI","9","106","11.777777777777779","315","153.0"
"Mar2015","K8","CNX","HGN","101","1200","11.881188118811881","3410","119.0"
"Mar2015","K8","CNX","PYY","21","252","12.0","525","87.0"
"Mar2015","K8","HGN","CNX","101","1200","11.881188118811881","3410","119.0"
"Mar2015","K8","PYY","CNX","21","252","12.0","525","87.0"
"Mar2015","PG","BKK","CEI","88.0","14202.0","161.38636363636363","7040.0","666.0"
"Mar2015","PG","BKK","KBV","124","20088","162.0","10540","649.0"
"Mar2015","PG","CEI","BKK","88.0","14202.0","161.38636363636363","7040.0","666.0"
"Mar2015","PG","HKT","USM","155.0","10850.0","70.0","8525.0","249.0"
"Mar2015","PG","KBV","BKK","124","20088","162.0","10540","649.0"
"Mar2015","PG","USM","HKT","155.0","10850.0","70.0","9300.0","249.0"
"Mar2015","SL","CNX","DMK","271","58265","215.0","20640","565.0"
"Mar2015","SL","DMK","CNX","271","58265","215.0","20180","565.0"
"Mar2015","SL","DMK","HDY","238","51170","215.0","22165","772.0"
"Mar2015","SL","HDY","DMK","238","51170","215.0","20870","772.0"
"Apr2015","DD","BFV","DMK","30","1980","66.0","1950","296.0"
"Apr2015","DD","CJM","DMK","60.0","4560.0","76.0","4050.0","380.0"
"Apr2015","DD","DMK","BFV","30","1980","66.0","1950","296.0"
"Apr2015","DD","DMK","CJM","60.0","4560.0","76.0","3900.0","380.0"
"Apr2015","DD","DMK","LOE","60","11340","189.0","3900","410.0"
"Apr2015","DD","DMK","MAQ","90","7740","86.0","6300","380.0"
"Apr2015","DD","DMK","NNT","150.0","11700.0","78.0","12600.0","541.0"
"Apr2015","DD","DMK","PRH","30","2580","86.0","2550","470.0"
"Apr2015","DD","DMK","UNN","60.0","4560.0","76.0","5400.0","497.0"
"Apr2015","DD","DMK","ROI","90.0","7140.0","79.33333333333333","6450.0","418.0"
"Apr2015","DD","DMK","SNO","90","17010","189.0","6300","521.0"
"Apr2015","DD","DMK","TST","90","17010","189.0","6900","718.0"
"Apr2015","DD","DMK","UBP","210","39690","189.0","13500","483.0"
"Apr2015","DD","DMK","UTH","240","45360","189.0","15000","451.0"
"Apr2015","DD","LOE","DMK","60","11340","189.0","3900","410.0"
"Apr2015","DD","MAQ","DMK","90","7740","86.0","6000","380.0"
"Apr2015","DD","NNT","DMK","150.0","11700.0","78.0","12600.0","541.0"
"Apr2015","DD","PRH","DMK","30","2580","86.0","2550","470.0"
"Apr2015","DD","ROI","DMK","90.0","7140.0","79.33333333333333","6300.0","418.0"
"Apr2015","DD","SNO","DMK","90","17010","189.0","6300","521.0"
"Apr2015","DD","TST","DMK","90","17010","189.0","6900","718.0"
"Apr2015","DD","UBP","DMK","210","39690","189.0","12600","483.0"
"Apr2015","DD","UNN","DMK","60.0","4560.0","76.0","5400.0","497.0"
"Apr2015","DD","UTH","DMK","240","45360","189.0","14100","451.0"
"Apr2015","FD","CNX","DMK","360","64800","180.0","27075","565.0"
"Apr2015","FD","CNX","KBV","60","10800","180.0","7050","1181.0"
"Apr2015","FD","CNX","HKT","90","16200","180.0","11100","1181.0"
"Apr2015","FD","DMK","CNX","360","64800","180.0","26300","565.0"
"Apr2015","FD","DMK","HDY","270","48600","180.0","21750","772.0"
"Apr2015","FD","DMK","KKC","120","21600","180.0","6600","367.0"
"Apr2015","FD","DMK","KBV","240","43200","180.0","18600","666.0"
"Apr2015","FD","DMK","KOP","60","10800","180.0","4350","579.0"
"Apr2015","FD","DMK","HKT","401","72180","180.0","32255","689.0"
"Apr2015","FD","DMK","URT","150","27000","180.0","10350","552.0"
"Apr2015","FD","DMK","TST","90","16200","180.0","7200","718.0"
"Apr2015","FD","HDY","DMK","270","48600","180.0","22950","772.0"
"Apr2015","FD","HKT","DMK","401","72180","180.0","32680","689.0"
"Apr2015","FD","HKT","CNX","90","16200","180.0","10650","1181.0"
"Apr2015","FD","KBV","DMK","240","43200","180.0","18750","666.0"
"Apr2015","FD","KBV","CNX","60","10800","180.0","6900","1181.0"
"Apr2015","FD","KKC","DMK","120","21600","180.0","6600","367.0"
"Apr2015","FD","KOP","DMK","60","10800","180.0","4200","579.0"
"Apr2015","FD","TST","DMK","90","16200","180.0","6800","718.0"
"Apr2015","FD","URT","DMK","150","27000","180.0","10350","552.0"
"Apr2015","PG","BKK","USM","621.0","74064.0","119.26570048309179","44040.0","465.0"
"Apr2015","PG","BKK","KBV","120.0","19404.0","161.7","10200.0","649.0"
"Apr2015","PG","BKK","HKT","240.0","38844.0","161.85","20400.0","673.0"
"Apr2015","PG","HKT","BKK","240.0","38844.0","161.85","20400.0","673.0"
"Apr2015","PG","KBV","BKK","120.0","19404.0","161.7","10200.0","649.0"
"Apr2015","PG","USM","BKK","621.0","74064.0","119.26570048309179","44190.0","465.0"
"Apr2015","SL","CNX","DMK","244","52460","215.0","18620","565.0"
"Apr2015","SL","DMK","CNX","244","52460","215.0","18980","565.0"
"Apr2015","SL","DMK","HDY","227","48805","215.0","19980","772.0"
"Apr2015","SL","HDY","DMK","227","48805","215.0","20175","772.0"
"Apr2015","WE","BKK","HDY","120","20160","168.0","10200","750.0"
"Apr2015","WE","BKK","KBV","30","5040","168.0","2400","649.0"
"Apr2015","WE","BKK","HKT","90","15120","168.0","7200","673.0"
"Apr2015","WE","BKK","URT","60.0","10080.0","168.0","4500.0","536.0"
"Apr2015","WE","BKK","UBP","90","15120","168.0","5850","476.0"
"Apr2015","WE","BKK","UTH","120","20160","168.0","7800","451.0"
"Apr2015","WE","CNX","HKT","30","5040","168.0","3450","1181.0"
"Apr2015","WE","HDY","BKK","120","20160","168.0","10200","750.0"
"Apr2015","WE","HKT","BKK","90","15120","168.0","7650","673.0"
"Apr2015","WE","KBV","BKK","30","5040","168.0","2400","649.0"
"Apr2015","WE","UBP","BKK","90","15120","168.0","5850","476.0"
"Apr2015","WE","URT","BKK","60.0","10080.0","168.0","4200.0","536.0"
"Apr2015","WE","UTH","BKK","120","20160","168.0","7200","451.0"
"Apr2015","WE","BKK","HDY","120","20160","168.0","10200","750.0"
"Apr2015","WE","BKK","HKT","90","15120","168.0","7200","673.0"
"Apr2015","WE","BKK","URT","60.0","10080.0","168.0","4500.0","536.0"
"Apr2015","WE","BKK","UBP","90","15120","168.0","5850","476.0"
"Apr2015","WE","BKK","UTH","120","20160","168.0","7800","451.0"
"Apr2015","WE","CNX","HKT","30","5040","168.0","3450","1181.0"
"Apr2015","WE","HDY","BKK","120","20160","168.0","10200","750.0"
"Apr2015","WE","HKT","BKK","90","15120","168.0","7650","673.0"
"Apr2015","WE","UBP","BKK","90","15120","168.0","5850","476.0"
"Apr2015","WE","URT","BKK","60.0","10080.0","168.0","4200.0","536.0"
"Apr2015","WE","UTH","BKK","120","20160","168.0","7200","451.0"
"May2015","DD","BFV","DMK","31","2046","66.0","2015","296.0"
"May2015","DD","CJM","DMK","62.0","4712.0","76.0","4185.0","380.0"
"May2015","DD","DMK","BFV","31","2046","66.0","2015","296.0"
"May2015","DD","DMK","CJM","62.0","4712.0","76.0","4030.0","380.0"
"May2015","DD","DMK","LOE","62","11718","189.0","4030","410.0"
"May2015","DD","DMK","MAQ","93","7998","86.0","6510","380.0"
"May2015","DD","DMK","NNT","155.0","12090.0","78.0","13020.0","541.0"
"May2015","DD","DMK","PRH","31","2666","86.0","2635","470.0"
"May2015","DD","DMK","UNN","62.0","4712.0","76.0","5580.0","497.0"
"May2015","DD","DMK","ROI","93.0","7378.0","79.33333333333333","6665.0","418.0"
"May2015","DD","DMK","SNO","93","17577","189.0","6510","521.0"
"May2015","DD","DMK","TST","93","17577","189.0","7130","718.0"
"May2015","DD","DMK","UBP","217","41013","189.0","13950","483.0"
"May2015","DD","DMK","UTH","248","46872","189.0","15500","451.0"
"May2015","DD","LOE","DMK","62","11718","189.0","4030","410.0"
"May2015","DD","MAQ","DMK","93","7998","86.0","6200","380.0"
"May2015","DD","NNT","DMK","155.0","12090.0","78.0","13020.0","541.0"
"May2015","DD","PRH","DMK","31","2666","86.0","2635","470.0"
"May2015","DD","ROI","DMK","93.0","7378.0","79.33333333333333","6510.0","418.0"
"May2015","DD","SNO","DMK","93","17577","189.0","6510","521.0"
"May2015","DD","TST","DMK","93","17577","189.0","7130","718.0"
"May2015","DD","UBP","DMK","217","41013","189.0","13020","483.0"
"May2015","DD","UNN","DMK","62.0","4712.0","76.0","5580.0","497.0"
"May2015","DD","UTH","DMK","248","46872","189.0","14570","451.0"
"May2015","FD","CNX","DMK","310","55800","180.0","23560","565.0"
"May2015","FD","CNX","KBV","62","11160","180.0","7285","1181.0"
"May2015","FD","CNX","HKT","93","16740","180.0","11470","1181.0"
"May2015","FD","DMK","CNX","310","55800","180.0","23250","565.0"
"May2015","FD","DMK","HDY","279","50220","180.0","22475","772.0"
"May2015","FD","DMK","KKC","124","22320","180.0","6820","367.0"
"May2015","FD","DMK","KOP","62","11160","180.0","4495","579.0"
"May2015","FD","DMK","HKT","434","78120","180.0","34795","689.0"
"May2015","FD","DMK","URT","155","27900","180.0","10695","552.0"
"May2015","FD","HDY","DMK","279","50220","180.0","23715","772.0"
"May2015","FD","HKT","DMK","434","78120","180.0","35340","689.0"
"May2015","FD","HKT","CNX","93","16740","180.0","11005","1181.0"
"May2015","FD","KBV","CNX","62","11160","180.0","7130","1181.0"
"May2015","FD","KKC","DMK","124","22320","180.0","6820","367.0"
"May2015","FD","KOP","DMK","62","11160","180.0","4340","579.0"
"May2015","FD","URT","DMK","155","27900","180.0","10695","552.0"
"May2015","K8","CNX","NNT","10","100","10.0","450","192.0"
"May2015","K8","CNX","PYY","15","150","10.0","375","87.0"
"May2015","K8","CNX","PHS","18","180","10.0","1080","259.0"
"May2015","K8","NNT","CNX","10","100","10.0","450","192.0"
"May2015","K8","PHS","CNX","18","180","10.0","1080","259.0"
"May2015","K8","PYY","CNX","15","150","10.0","375","87.0"
"May2015","PG","BKK","USM","538.0","67172.0","124.85501858736059","37340.0","465.0"
"May2015","PG","BKK","KBV","124.0","20004.0","161.32258064516128","10540.0","649.0"
"May2015","PG","KBV","BKK","124.0","20004.0","161.32258064516128","10540.0","649.0"
"May2015","PG","USM","BKK","538.0","67172.0","124.85501858736059","37495.0","465.0"
"May2015","SL","CNX","DMK","269","57835","215.0","20490","565.0"
"May2015","SL","DMK","CNX","269","57835","215.0","21265","565.0"
"May2015","SL","DMK","HDY","245","52675","215.0","21885","772.0"
"May2015","SL","HDY","DMK","245","52675","215.0","21880","772.0"
"May2015","TG","BKK","KBV","93.0","20731.0","222.91397849462365","7440.0","649.0"
"May2015","TG","KBV","BKK","93.0","20731.0","222.91397849462365","7440.0","649.0"
"May2015","WE","BKK","CNX","54","9072","168.0","3780","565.0"
"May2015","WE","BKK","CEI","108.0","18144.0","168.0","8640.0","666.0"
"May2015","WE","BKK","HDY","151","25368","168.0","12835","750.0"
"May2015","WE","BKK","HKT","93","15624","168.0","7440","673.0"
"May2015","WE","BKK","UBP","93","15624","168.0","6045","476.0"
"May2015","WE","CEI","BKK","108.0","18144.0","168.0","8640.0","666.0"
"May2015","WE","CNX","BKK","53","8904","168.0","3710","565.0"
"May2015","WE","HDY","BKK","151","25368","168.0","12835","750.0"
"May2015","WE","HKT","BKK","93","15624","168.0","7905","673.0"
"May2015","WE","UBP","BKK","93","15624","168.0","6045","476.0"
"Jun2015","DD","BFV","DMK","30","1980","66.0","1950","296.0"
"Jun2015","DD","CJM","DMK","60.0","4560.0","76.0","4050.0","380.0"
"Jun2015","DD","DMK","BFV","30","1980","66.0","1950","296.0"
"Jun2015","DD","DMK","CJM","60.0","4560.0","76.0","3900.0","380.0"
"Jun2015","DD","DMK","LOE","60.0","6602.0","110.03333333333333","4130.0","410.0"
"Jun2015","DD","DMK","MAQ","76.0","6356.0","83.63157894736842","5320.0","380.0"
"Jun2015","DD","DMK","NNT","117.0","8862.0","75.74358974358974","10125.0","541.0"
"Jun2015","DD","DMK","PRH","30","2580","86.0","2550","470.0"
"Jun2015","DD","DMK","HKT","150","28350","189.0","12000","689.0"
"Jun2015","DD","DMK","UNN","60.0","5020.0","83.66666666666667","5400.0","497.0"
"Jun2015","DD","DMK","ROI","77.0","6022.0","78.20779220779221","5605.0","418.0"
"Jun2015","DD","DMK","SNO","90.0","14641.0","162.67777777777778","6530.0","521.0"
"Jun2015","DD","DMK","TST","90","17010","189.0","6900","718.0"
"Jun2015","DD","DMK","UBP","210","39690","189.0","13500","483.0"
"Jun2015","DD","HKT","DMK","150","28350","189.0","12150","689.0"
"Jun2015","DD","LOE","DMK","60.0","6602.0","110.03333333333333","4130.0","410.0"
"Jun2015","DD","MAQ","DMK","76.0","6356.0","83.63157894736842","5020.0","380.0"
"Jun2015","DD","NNT","DMK","117.0","8862.0","75.74358974358974","10125.0","541.0"
"Jun2015","DD","PRH","DMK","30","2580","86.0","2550","470.0"
"Jun2015","DD","ROI","DMK","77.0","6022.0","78.20779220779221","5520.0","418.0"
"Jun2015","DD","SNO","DMK","90.0","14641.0","162.67777777777778","6415.0","521.0"
"Jun2015","DD","TST","DMK","90","17010","189.0","7130","718.0"
"Jun2015","DD","UBP","DMK","210","39690","189.0","12600","483.0"
"Jun2015","DD","UNN","DMK","60.0","5020.0","83.66666666666667","5400.0","497.0"
"Jun2015","FD","CEI","DMK","120","21600","180.0","10350","666.0"
"Jun2015","FD","CNX","DMK","300","54000","180.0","22800","565.0"
"Jun2015","FD","CNX","KBV","60","10800","180.0","7050","1181.0"
"Jun2015","FD","CNX","HKT","90","16200","180.0","11100","1181.0"
"Jun2015","FD","DMK","CNX","300","54000","180.0","22500","565.0"
"Jun2015","FD","DMK","CEI","120","21600","180.0","9000","666.0"
"Jun2015","FD","DMK","HDY","242","43560","180.0","19370","772.0"
"Jun2015","FD","DMK","KKC","120","21600","180.0","6600","367.0"
"Jun2015","FD","DMK","KOP","60","10800","180.0","4350","579.0"
"Jun2015","FD","DMK","NST","120","21600","180.0","8100","610.0"
"Jun2015","FD","DMK","HKT","420","75600","180.0","33685","689.0"
"Jun2015","FD","DMK","URT","150","27000","180.0","10350","552.0"
"Jun2015","FD","HDY","DMK","242","43560","180.0","20570","772.0"
"Jun2015","FD","HKT","DMK","420","75600","180.0","34200","689.0"
"Jun2015","FD","HKT","CNX","90","16200","180.0","10650","1181.0"
"Jun2015","FD","KBV","CNX","60","10800","180.0","6900","1181.0"
"Jun2015","FD","KKC","DMK","120","21600","180.0","6600","367.0"
"Jun2015","FD","KOP","DMK","60","10800","180.0","4200","579.0"
"Jun2015","FD","NST","DMK","120","21600","180.0","8550","610.0"
"Jun2015","FD","URT","DMK","150","27000","180.0","10350","552.0"
"Jun2015","PG","BKK","USM","531.0","66696.0","125.6045197740113","36840.0","465.0"
"Jun2015","PG","BKK","KBV","120","19440","162.0","10200","649.0"
"Jun2015","PG","KBV","BKK","120","19440","162.0","10200","649.0"
"Jun2015","PG","USM","BKK","531.0","66702.0","125.61581920903954","36990.0","465.0"
"Jun2015","SL","CNX","DMK","262","56330","215.0","19980","565.0"
"Jun2015","SL","DMK","CNX","262","56330","215.0","20730","565.0"
"Jun2015","SL","DMK","HDY","235","50525","215.0","20940","772.0"
"Jun2015","SL","HDY","DMK","235","50525","215.0","20975","772.0"
"Jun2015","TG","BKK","KBV","90.0","19554.0","217.26666666666668","7200.0","649.0"
"Jun2015","TG","KBV","BKK","90.0","19554.0","217.26666666666668","7200.0","649.0"
"Jun2015","WE","BKK","CEI","90.0","15120.0","168.0","7200.0","666.0"
"Jun2015","WE","BKK","HDY","150","25200","168.0","12750","750.0"
"Jun2015","WE","BKK","HKT","90","15120","168.0","7200","673.0"
"Jun2015","WE","BKK","UBP","90","15120","168.0","5850","476.0"
"Jun2015","WE","BKK","UTH","120","20160","168.0","7800","451.0"
"Jun2015","WE","CEI","BKK","90.0","15120.0","168.0","7200.0","666.0"
"Jun2015","WE","HDY","BKK","150","25200","168.0","12750","750.0"
"Jun2015","WE","HKT","BKK","90","15120","168.0","7650","673.0"
"Jun2015","WE","UBP","BKK","90","15120","168.0","5850","476.0"
"Jun2015","WE","UTH","BKK","120","20160","168.0","7200","451.0"
"Jul2015","DD","BFV","DMK","31","2046","66.0","2015","296.0"
"Jul2015","DD","CJM","DMK","62.0","4712.0","76.0","4185.0","380.0"
"Jul2015","DD","CNX","DMK","257","48573","189.0","16705","565.0"
"Jul2015","DD","DMK","BFV","31","2046","66.0","2015","296.0"
"Jul2015","DD","DMK","CNX","257","48573","189.0","17990","565.0"
"Jul2015","DD","DMK","CJM","62.0","4712.0","76.0","4030.0","380.0"
"Jul2015","DD","DMK","KKC","93","17577","189.0","4960","367.0"
"Jul2015","DD","DMK","KBV","93","17577","189.0","7595","666.0"
"Jul2015","DD","DMK","LOE","62","5332","86.0","4340","410.0"
"Jul2015","DD","DMK","MAQ","93.0","7378.0","79.33333333333333","6510.0","380.0"
"Jul2015","DD","DMK","NST","186","35154","189.0","13020","610.0"
"Jul2015","DD","DMK","NNT","111.0","8306.0","74.82882882882883","9720.0","541.0"
"Jul2015","DD","DMK","PRH","31","2666","86.0","2635","470.0"
"Jul2015","DD","DMK","HKT","164","30996","189.0","13120","689.0"
"Jul2015","DD","DMK","UNN","62","5332","86.0","5580","497.0"
"Jul2015","DD","DMK","ROI","75.0","5830.0","77.73333333333333","5560.0","418.0"
"Jul2015","DD","DMK","SNO","93.0","14384.0","154.66666666666666","6820.0","521.0"
"Jul2015","DD","DMK","TST","93","17577","189.0","7130","718.0"
"Jul2015","DD","DMK","UBP","217","41013","189.0","13950","483.0"
"Jul2015","DD","DMK","UTH","234","44226","189.0","14730","451.0"
"Jul2015","DD","HKT","DMK","164","30996","189.0","13275","689.0"
"Jul2015","DD","KBV","DMK","93","17577","189.0","7130","666.0"
"Jul2015","DD","KKC","DMK","93","17577","189.0","4805","367.0"
"Jul2015","DD","LOE","DMK","62","5332","86.0","4340","410.0"
"Jul2015","DD","MAQ","DMK","93.0","7378.0","79.33333333333333","6200.0","380.0"
"Jul2015","DD","NNT","DMK","111.0","8306.0","74.82882882882883","9720.0","541.0"
"Jul2015","DD","NST","DMK","186","35154","189.0","13020","610.0"
"Jul2015","DD","PRH","DMK","31","2666","86.0","2635","470.0"
"Jul2015","DD","ROI","DMK","75.0","5830.0","77.73333333333333","5495.0","418.0"
"Jul2015","DD","SNO","DMK","93.0","14384.0","154.66666666666666","6665.0","521.0"
"Jul2015","DD","TST","DMK","93","17577","189.0","7440","718.0"
"Jul2015","DD","UBP","DMK","217","41013","189.0","13020","483.0"
"Jul2015","DD","UNN","DMK","62","5332","86.0","5580","497.0"
"Jul2015","DD","UTH","DMK","234","44226","189.0","13800","451.0"
"Jul2015","FD","CEI","DMK","124","22320","180.0","10695","666.0"
"Jul2015","FD","CNX","DMK","310","55800","180.0","23560","565.0"
"Jul2015","FD","CNX","KBV","62","11160","180.0","7285","1181.0"
"Jul2015","FD","CNX","HKT","93","16740","180.0","11470","1181.0"
"Jul2015","FD","DMK","CNX","310","55800","180.0","23250","565.0"
"Jul2015","FD","DMK","CEI","124","22320","180.0","9300","666.0"
"Jul2015","FD","DMK","HDY","248","44640","180.0","19840","772.0"
"Jul2015","FD","DMK","KKC","124","22320","180.0","6820","367.0"
"Jul2015","FD","DMK","KBV","186","33480","180.0","14105","666.0"
"Jul2015","FD","DMK","KOP","62","11160","180.0","4495","579.0"
"Jul2015","FD","DMK","HKT","434","78120","180.0","34820","689.0"
"Jul2015","FD","HDY","DMK","248","44640","180.0","21080","772.0"
"Jul2015","FD","HKT","DMK","434","78120","180.0","35340","689.0"
"Jul2015","FD","HKT","CNX","93","16740","180.0","11005","1181.0"
"Jul2015","FD","KBV","DMK","186","33480","180.0","14570","666.0"
"Jul2015","FD","KBV","CNX","62","11160","180.0","7130","1181.0"
"Jul2015","FD","KKC","DMK","124","22320","180.0","6820","367.0"
"Jul2015","FD","KOP","DMK","62","11160","180.0","4340","579.0"
"Jul2015","K8","CNX","NNT","9","90","10.0","405","192.0"
"Jul2015","K8","CNX","PYY","13","130","10.0","325","87.0"
"Jul2015","K8","CNX","PHS","18","180","10.0","1080","259.0"
"Jul2015","K8","NNT","CNX","9","90","10.0","405","192.0"
"Jul2015","K8","PHS","CNX","18","180","10.0","1080","259.0"
"Jul2015","K8","PYY","CNX","13","130","10.0","325","87.0"
"Jul2015","PG","BKK","CEI","71.0","10848.0","152.7887323943662","5680.0","666.0"
"Jul2015","PG","BKK","USM","606.0","73528.0","121.33333333333333","42785.0","465.0"
"Jul2015","PG","BKK","KBV","124","20088","162.0","10540","649.0"
"Jul2015","PG","BKK","HKT","248","40176","162.0","21080","673.0"
"Jul2015","PG","CEI","BKK","71.0","10848.0","152.7887323943662","5680.0","666.0"
"Jul2015","PG","HKT","BKK","248","40176","162.0","21080","673.0"
"Jul2015","PG","KBV","BKK","124","20088","162.0","10540","649.0"
"Jul2015","PG","USM","BKK","621.0","75688.0","121.88083735909822","43915.0","465.0"
"Jul2015","SL","CNX","DMK","271","58265","215.0","20670","565.0"
"Jul2015","SL","DMK","CNX","271","58265","215.0","21445","565.0"
"Jul2015","SL","DMK","HDY","242","52030","215.0","21555","772.0"
"Jul2015","SL","HDY","DMK","242","52030","215.0","21605","772.0"
"Jul2015","TG","BKK","KBV","93.0","20219.0","217.40860215053763","7440.0","649.0"
"Jul2015","TG","KBV","BKK","93.0","20219.0","217.40860215053763","7440.0","649.0"
"Jul2015","WE","BKK","CNX","93","15624","168.0","6510","565.0"
"Jul2015","WE","BKK","CEI","93.0","15624.0","168.0","7440.0","666.0"
"Jul2015","WE","BKK","UBP","93","15624","168.0","6045","476.0"
"Jul2015","WE","BKK","UTH","124","20832","168.0","8060","451.0"
"Jul2015","WE","CEI","BKK","93.0","15624.0","168.0","7440.0","666.0"
"Jul2015","WE","CNX","BKK","93","15624","168.0","6510","565.0"
"Jul2015","WE","UBP","BKK","93","15624","168.0","6045","476.0"
"Jul2015","WE","UTH","BKK","124","20832","168.0","7440","451.0"
"Aug2015","DD","BFV","DMK","31","2046","66.0","2015","296.0"
"Aug2015","DD","CJM","DMK","62.0","4712.0","76.0","4185.0","380.0"
"Aug2015","DD","CNX","DMK","257","48573","189.0","16705","565.0"
"Aug2015","DD","DMK","BFV","31","2046","66.0","2015","296.0"
"Aug2015","DD","DMK","CNX","257","48573","189.0","17990","565.0"
"Aug2015","DD","DMK","CJM","62.0","4712.0","76.0","4030.0","380.0"
"Aug2015","DD","DMK","KKC","93","17577","189.0","4960","367.0"
"Aug2015","DD","DMK","KBV","93","17577","189.0","7595","666.0"
"Aug2015","DD","DMK","LOE","62","5332","86.0","4340","410.0"
"Aug2015","DD","DMK","MAQ","93.0","7378.0","79.33333333333333","6510.0","380.0"
"Aug2015","DD","DMK","NST","186","35154","189.0","13020","610.0"
"Aug2015","DD","DMK","NNT","111.0","8306.0","74.82882882882883","9720.0","541.0"
"Aug2015","DD","DMK","PRH","31","2666","86.0","2635","470.0"
"Aug2015","DD","DMK","HKT","164","30996","189.0","13120","689.0"
"Aug2015","DD","DMK","UNN","62","5332","86.0","5580","497.0"
"Aug2015","DD","DMK","ROI","75.0","5830.0","77.73333333333333","5560.0","418.0"
"Aug2015","DD","DMK","SNO","93.0","14384.0","154.66666666666666","6820.0","521.0"
"Aug2015","DD","DMK","TST","93","17577","189.0","7130","718.0"
"Aug2015","DD","DMK","UTH","236","44604","189.0","14840","451.0"
"Aug2015","DD","HKT","DMK","164","30996","189.0","13275","689.0"
"Aug2015","DD","KBV","DMK","93","17577","189.0","7130","666.0"
"Aug2015","DD","KKC","DMK","93","17577","189.0","4805","367.0"
"Aug2015","DD","LOE","DMK","62","5332","86.0","4340","410.0"
"Aug2015","DD","MAQ","DMK","93.0","7378.0","79.33333333333333","6200.0","380.0"
"Aug2015","DD","NNT","DMK","111.0","8306.0","74.82882882882883","9720.0","541.0"
"Aug2015","DD","NST","DMK","186","35154","189.0","13020","610.0"
"Aug2015","DD","PRH","DMK","31","2666","86.0","2635","470.0"
"Aug2015","DD","ROI","DMK","75.0","5830.0","77.73333333333333","5495.0","418.0"
"Aug2015","DD","SNO","DMK","93.0","14384.0","154.66666666666666","6665.0","521.0"
"Aug2015","DD","TST","DMK","93","17577","189.0","7440","718.0"
"Aug2015","DD","UNN","DMK","62","5332","86.0","5580","497.0"
"Aug2015","DD","UTH","DMK","236","44604","189.0","13910","451.0"
"Aug2015","FD","CEI","DMK","124","22320","180.0","10695","666.0"
"Aug2015","FD","CNX","DMK","310","55800","180.0","23785","565.0"
"Aug2015","FD","CNX","KBV","62","11160","180.0","7285","1181.0"
"Aug2015","FD","DMK","CNX","310","55800","180.0","23250","565.0"
"Aug2015","FD","DMK","CEI","124","22320","180.0","9300","666.0"
"Aug2015","FD","DMK","HDY","279","50220","180.0","22475","772.0"
"Aug2015","FD","DMK","KBV","186","33480","180.0","14105","666.0"
"Aug2015","FD","DMK","KOP","62","11160","180.0","4495","579.0"
"Aug2015","FD","DMK","HKT","434","78120","180.0","34805","689.0"
"Aug2015","FD","HDY","DMK","279","50220","180.0","23715","772.0"
"Aug2015","FD","HKT","DMK","434","78120","180.0","35340","689.0"
"Aug2015","FD","KBV","DMK","186","33480","180.0","14570","666.0"
"Aug2015","FD","KBV","CNX","62","11160","180.0","7130","1181.0"
"Aug2015","FD","KOP","DMK","62","11160","180.0","4340","579.0"
"Aug2015","K8","CNX","HHQ","13","130","10.0","1560","687.0"
"Aug2015","K8","CNX","KKC","31","310","10.0","2480","480.0"
"Aug2015","K8","CNX","UBP","31","310","10.0","3410","740.0"
"Aug2015","K8","HHQ","CNX","13","130","10.0","1560","687.0"
"Aug2015","K8","KKC","CNX","31","310","10.0","2480","480.0"
"Aug2015","K8","UBP","CNX","31","310","10.0","3410","740.0"
"Aug2015","PG","BKK","CEI","80.0","12426.0","155.325","6400.0","666.0"
"Aug2015","PG","BKK","HKT","248","40176","162.0","21080","673.0"
"Aug2015","PG","CEI","BKK","80.0","12426.0","155.325","6400.0","666.0"
"Aug2015","PG","HKT","BKK","248","40176","162.0","21080","673.0"
"Aug2015","PG","KBV","BKK","94.0","14916.0","158.68085106382978","7990.0","649.0"
"Aug2015","SL","CNX","DMK","258","55470","215.0","19865","565.0"
"Aug2015","SL","DMK","CNX","258","55470","215.0","20440","565.0"
"Aug2015","SL","DMK","HDY","236.0","50142.0","212.46610169491527","20910.0","772.0"
"Aug2015","SL","HDY","DMK","236.0","50142.0","212.46610169491527","21055.0","772.0"
"Aug2015","TG","BKK","KBV","93.0","20213.0","217.34408602150538","7440.0","649.0"
"Aug2015","TG","KBV","BKK","93.0","20213.0","217.34408602150538","7440.0","649.0"
"Aug2015","WE","BKK","CNX","93","15624","168.0","6510","565.0"
"Aug2015","WE","BKK","KKC","93","15624","168.0","5115","367.0"
"Aug2015","WE","BKK","UBP","93","15624","168.0","6045","476.0"
"Aug2015","WE","BKK","UTH","124","20832","168.0","8060","451.0"
"Aug2015","WE","CNX","BKK","93","15624","168.0","6510","565.0"
"Aug2015","WE","CNX","DMK","124","20832","168.0","9300","565.0"
"Aug2015","WE","DMK","CNX","155","26040","168.0","11625","565.0"
"Aug2015","WE","DMK","KKC","93","15624","168.0","5115","367.0"
"Aug2015","WE","DMK","HKT","93","15624","168.0","7440","689.0"
"Aug2015","WE","HKT","DMK","124","20832","168.0","10540","689.0"
"Aug2015","WE","KKC","BKK","93","15624","168.0","6045","367.0"
"Aug2015","WE","KKC","DMK","93","15624","168.0","5115","367.0"
"Aug2015","WE","UBP","BKK","93","15624","168.0","6045","476.0"
"Aug2015","WE","UTH","BKK","124","20832","168.0","7440","451.0"
"Sep2015","DD","BFV","DMK","30","1980","66.0","1950","296.0"
"Sep2015","DD","CNX","DMK","248","46872","189.0","16120","565.0"
"Sep2015","DD","DMK","BFV","30","1980","66.0","1950","296.0"
"Sep2015","DD","DMK","CNX","248","46872","189.0","17360","565.0"
"Sep2015","DD","DMK","KKC","90","17010","189.0","4800","367.0"
"Sep2015","DD","DMK","KBV","90","17010","189.0","7350","666.0"
"Sep2015","DD","DMK","LOE","60","5160","86.0","4200","410.0"
"Sep2015","DD","DMK","MAQ","90.0","7140.0","79.33333333333333","6300.0","380.0"
"Sep2015","DD","DMK","NST","180","34020","189.0","12600","610.0"
"Sep2015","DD","DMK","NNT","107.0","8002.0","74.78504672897196","9375.0","541.0"
"Sep2015","DD","DMK","PRH","30","2580","86.0","2550","470.0"
"Sep2015","DD","DMK","HKT","158","29862","189.0","12640","689.0"
"Sep2015","DD","DMK","UNN","60","5160","86.0","5400","497.0"
"Sep2015","DD","DMK","ROI","73.0","5678.0","77.78082191780823","5410.0","418.0"
"Sep2015","DD","DMK","SNO","90.0","13920.0","154.66666666666666","6600.0","521.0"
"Sep2015","DD","DMK","TST","90","17010","189.0","6900","718.0"
"Sep2015","DD","HKT","DMK","158","29862","189.0","12790","689.0"
"Sep2015","DD","KBV","DMK","90","17010","189.0","6900","666.0"
"Sep2015","DD","KKC","DMK","90","17010","189.0","4650","367.0"
"Sep2015","DD","LOE","DMK","60","5160","86.0","4200","410.0"
"Sep2015","DD","MAQ","DMK","90.0","7140.0","79.33333333333333","6000.0","380.0"
"Sep2015","DD","NNT","DMK","107.0","8002.0","74.78504672897196","9375.0","541.0"
"Sep2015","DD","NST","DMK","180","34020","189.0","12600","610.0"
"Sep2015","DD","PRH","DMK","30","2580","86.0","2550","470.0"
"Sep2015","DD","ROI","DMK","73.0","5678.0","77.78082191780823","5345.0","418.0"
"Sep2015","DD","SNO","DMK","90.0","13920.0","154.66666666666666","6450.0","521.0"
"Sep2015","DD","TST","DMK","90","17010","189.0","7200","718.0"
"Sep2015","DD","UNN","DMK","60","5160","86.0","5400","497.0"
"Sep2015","FD","CEI","DMK","120","21600","180.0","10350","666.0"
"Sep2015","FD","CNX","DMK","300","54000","180.0","23250","565.0"
"Sep2015","FD","CNX","KBV","60","10800","180.0","7050","1181.0"
"Sep2015","FD","DMK","CNX","300","54000","180.0","22500","565.0"
"Sep2015","FD","DMK","CEI","120","21600","180.0","9000","666.0"
"Sep2015","FD","DMK","HDY","240","43200","180.0","19200","772.0"
"Sep2015","FD","DMK","KBV","150","27000","180.0","11550","666.0"
"Sep2015","FD","DMK","KOP","60","10800","180.0","4350","579.0"
"Sep2015","FD","DMK","HKT","420","75600","180.0","33685","689.0"
"Sep2015","FD","HDY","DMK","240","43200","180.0","20400","772.0"
"Sep2015","FD","HKT","DMK","420","75600","180.0","34200","689.0"
"Sep2015","FD","KBV","DMK","150","27000","180.0","11700","666.0"
"Sep2015","FD","KBV","CNX","60","10800","180.0","6900","1181.0"
"Sep2015","FD","KOP","DMK","60","10800","180.0","4200","579.0"
"Sep2015","K8","CNX","HHQ","13","130","10.0","1560","687.0"
"Sep2015","K8","CNX","KKC","30","300","10.0","2400","480.0"
"Sep2015","K8","CNX","UBP","30","300","10.0","3300","740.0"
"Sep2015","K8","DMK","MAQ","90","900","10.0","6750","380.0"
"Sep2015","K8","HHQ","CNX","13","130","10.0","1560","687.0"
"Sep2015","K8","KKC","CNX","30","300","10.0","2400","480.0"
"Sep2015","K8","MAQ","DMK","77","770","10.0","6075","380.0"
"Sep2015","K8","UBP","CNX","30","300","10.0","3300","740.0"
"Sep2015","PG","BKK","USM","576.0","71364.0","123.89583333333333","40290.0","465.0"
"Sep2015","PG","BKK","HKT","240","38880","162.0","20400","673.0"
"Sep2015","PG","HKT","BKK","240","38880","162.0","20400","673.0"
"Sep2015","PG","USM","BKK","576.0","71364.0","123.89583333333333","40440.0","465.0"
"Sep2015","SL","CNX","DMK","226","48590","215.0","17620","565.0"
"Sep2015","SL","DMK","CNX","226","48590","215.0","17960","565.0"
"Sep2015","SL","DMK","HDY","223.0","47163.0","211.4932735426009","19640.0","772.0"
"Sep2015","SL","DMK","HKT","60","12900","215.0","5300","689.0"
"Sep2015","SL","DMK","URT","107","23005","215.0","7790","552.0"
"Sep2015","SL","DMK","UTH","132","28380","215.0","8730","451.0"
"Sep2015","SL","HDY","DMK","223.0","47163.0","211.4932735426009","19875.0","772.0"
"Sep2015","SL","HKT","DMK","60","12900","215.0","5175","689.0"
"Sep2015","SL","URT","DMK","107","23005","215.0","7640","552.0"
"Sep2015","SL","UTH","DMK","132","28380","215.0","9415","451.0"
"Sep2015","TG","BKK","KBV","90.0","21042.0","233.8","7200.0","649.0"
"Sep2015","TG","KBV","BKK","90.0","21042.0","233.8","7200.0","649.0"
"Sep2015","WE","BKK","CEI","90.0","15120.0","168.0","7200.0","666.0"
"Sep2015","WE","BKK","UBP","90","15120","168.0","5850","476.0"
"Sep2015","WE","BKK","UTH","120","20160","168.0","7800","451.0"
"Sep2015","WE","CEI","BKK","90.0","15120.0","168.0","7200.0","666.0"
"Sep2015","WE","CNX","DMK","120","20160","168.0","9000","565.0"
"Sep2015","WE","DMK","CNX","150","25200","168.0","11250","565.0"
"Sep2015","WE","DMK","HKT","90","15120","168.0","7200","689.0"
"Sep2015","WE","HKT","DMK","120","20160","168.0","10200","689.0"
"Sep2015","WE","UBP","BKK","90","15120","168.0","5850","476.0"
"Sep2015","WE","UTH","BKK","120","20160","168.0","7200","451.0"
"Oct2015","DD","BFV","DMK","38.0","2648.0","69.6842105263158","2470.0","296.0"
"Oct2015","DD","DMK","BFV","38.0","2648.0","69.6842105263158","2470.0","296.0"
"Oct2015","DD","DMK","KKC","93","17577","189.0","4960","367.0"
"Oct2015","DD","DMK","LPT","100","8600","86.0","8695","497.0"
"Oct2015","DD","DMK","LOE","67","5762","86.0","4690","410.0"
"Oct2015","DD","DMK","MAQ","96.0","7496.0","78.08333333333333","6720.0","380.0"
"Oct2015","DD","DMK","KOP","38.0","6461.0","170.02631578947367","2660.0","579.0"
"Oct2015","DD","DMK","NST","186","35154","189.0","12985","610.0"
"Oct2015","DD","DMK","NNT","113.0","8538.0","75.5575221238938","9745.0","541.0"
"Oct2015","DD","DMK","PRH","38","3268","86.0","3090","470.0"
"Oct2015","DD","DMK","HKT","183","34587","189.0","14570","689.0"
"Oct2015","DD","DMK","ROI","77.0","6122.0","79.50649350649351","5525.0","418.0"
"Oct2015","DD","DMK","SNO","92.0","14298.0","155.41304347826087","6775.0","521.0"
"Oct2015","DD","HKT","DMK","189","35721","189.0","15205","689.0"
"Oct2015","DD","KKC","DMK","93","17577","189.0","4840","367.0"
"Oct2015","DD","KOP","DMK","38.0","6461.0","170.02631578947367","2625.0","579.0"
"Oct2015","DD","LOE","DMK","67","5762","86.0","4700","410.0"
"Oct2015","DD","LPT","DMK","100","8600","86.0","8825","497.0"
"Oct2015","DD","MAQ","DMK","96.0","7496.0","78.08333333333333","6450.0","380.0"
"Oct2015","DD","NNT","DMK","113.0","8538.0","75.5575221238938","9890.0","541.0"
"Oct2015","DD","NST","DMK","186","35154","189.0","12990","610.0"
"Oct2015","DD","PRH","DMK","38","3268","86.0","3125","470.0"
"Oct2015","DD","ROI","DMK","77.0","6122.0","79.50649350649351","5400.0","418.0"
"Oct2015","DD","SNO","DMK","92.0","14298.0","155.41304347826087","6660.0","521.0"
"Oct2015","FD","DMK","HDY","279","50220","180.0","22860","772.0"
"Oct2015","FD","DMK","KOP","62","11160","180.0","4530","579.0"
"Oct2015","FD","DMK","HKT","434","78120","180.0","34775","689.0"
"Oct2015","FD","HDY","DMK","279","50220","180.0","23645","772.0"
"Oct2015","FD","HKT","DMK","434","78120","180.0","35345","689.0"
"Oct2015","FD","KOP","DMK","62","11160","180.0","4410","579.0"
"Oct2015","K8","CNX","HHQ","13","130","10.0","1560","687.0"
"Oct2015","K8","CNX","KKC","31","310","10.0","2410","480.0"
"Oct2015","K8","CNX","PYY","18","180","10.0","450","87.0"
"Oct2015","K8","CNX","UBP","31","310","10.0","3410","740.0"
"Oct2015","K8","DMK","MAQ","72","720","10.0","5400","380.0"
"Oct2015","K8","HHQ","CNX","13","130","10.0","1560","687.0"
"Oct2015","K8","KKC","CNX","31","310","10.0","2480","480.0"
"Oct2015","K8","MAQ","DMK","62","620","10.0","4890","380.0"
"Oct2015","K8","PYY","CNX","18","180","10.0","450","87.0"
"Oct2015","K8","UBP","CNX","31","310","10.0","3410","740.0"
"Oct2015","PG","BKK","CEI","63.0","9714.0","154.1904761904762","5040.0","666.0"
"Oct2015","PG","BKK","USM","561.0","69269.0","123.4741532976827","39235.0","465.0"
"Oct2015","PG","BKK","LPT","93.0","6303.0","67.7741935483871","8370.0","497.0"
"Oct2015","PG","BKK","HKT","255.0","41142.0","161.34117647058824","21675.0","673.0"
"Oct2015","PG","CEI","BKK","63.0","9714.0","154.1904761904762","5040.0","666.0"
"Oct2015","PG","CNX","HKT","31","5022","162.0","3910","1181.0"
"Oct2015","PG","CNX","UTH","49","3430","70.0","4165","433.0"
"Oct2015","PG","HKT","BKK","255.0","41142.0","161.34117647058824","21710.0","673.0"
"Oct2015","PG","HKT","CNX","31","5022","162.0","3910","1181.0"
"Oct2015","PG","HKT","USM","155.0","10505.0","67.7741935483871","8525.0","249.0"
"Oct2015","PG","LPT","BKK","93.0","6303.0","67.7741935483871","8370.0","497.0"
"Oct2015","PG","USM","BKK","560.0","69199.0","123.56964285714285","39300.0","465.0"
"Oct2015","PG","USM","HKT","156.0","10575.0","67.78846153846153","9360.0","249.0"
"Oct2015","PG","UTH","CNX","49","3430","70.0","4165","433.0"
"Oct2015","SL","CNX","DMK","233","50095","215.0","18180","565.0"
"Oct2015","SL","DMK","CNX","233","50095","215.0","18175","565.0"
"Oct2015","SL","DMK","HDY","226.0","47992.0","212.35398230088495","20155.0","772.0"
"Oct2015","SL","DMK","KBV","110","23650","215.0","9230","666.0"
"Oct2015","SL","DMK","HKT","55","11825","215.0","5095","689.0"
"Oct2015","SL","DMK","URT","100","21500","215.0","7275","552.0"
"Oct2015","SL","DMK","UTH","138","29670","215.0","9005","451.0"
"Oct2015","SL","HDY","DMK","226.0","47992.0","212.35398230088495","20130.0","772.0"
"Oct2015","SL","HDY","UTH","20.0","3702.0","185.1","2600.0","1186.0"
"Oct2015","SL","HKT","DMK","55","11825","215.0","4720","689.0"
"Oct2015","SL","KBV","DMK","110","23650","215.0","9370","666.0"
"Oct2015","SL","URT","DMK","100","21500","215.0","7050","552.0"
"Oct2015","SL","UTH","DMK","138","29670","215.0","9445","451.0"
"Oct2015","SL","UTH","HDY","20.0","3702.0","185.1","2900.0","1186.0"
"Oct2015","TG","BKK","KBV","93.0","21237.0","228.3548387096774","7440.0","649.0"
"Oct2015","TG","KBV","BKK","93.0","21237.0","228.3548387096774","7440.0","649.0"
"Oct2015","WE","BKK","CEI","124.0","20832.0","168.0","9920.0","666.0"
"Oct2015","WE","BKK","HDY","155","26040","168.0","13175","750.0"
"Oct2015","WE","BKK","URT","62.0","10416.0","168.0","4650.0","536.0"
"Oct2015","WE","BKK","UBP","93","15624","168.0","6045","476.0"
"Oct2015","WE","BKK","UTH","124","20832","168.0","8060","451.0"
"Oct2015","WE","CEI","BKK","124.0","20832.0","168.0","9920.0","666.0"
"Oct2015","WE","CNX","DMK","124","20832","168.0","9300","565.0"
"Oct2015","WE","CNX","HKT","31","5208","168.0","3565","1181.0"
"Oct2015","WE","DMK","CNX","155","26040","168.0","11625","565.0"
"Oct2015","WE","DMK","KKC","93","15624","168.0","5115","367.0"
"Oct2015","WE","DMK","HKT","93","15624","168.0","7440","689.0"
"Oct2015","WE","HDY","BKK","155","26040","168.0","13175","750.0"
"Oct2015","WE","HKT","DMK","124","20832","168.0","10540","689.0"
"Oct2015","WE","KKC","DMK","93","15624","168.0","5115","367.0"
"Oct2015","WE","UBP","BKK","93","15624","168.0","6045","476.0"
"Oct2015","WE","URT","BKK","62.0","10416.0","168.0","4340.0","536.0"
"Oct2015","WE","UTH","BKK","124","20832","168.0","7440","451.0"
"Nov2015","DD","BFV","DMK","60.0","4560.0","76.0","3900.0","296.0"
"Nov2015","DD","DMK","BFV","60.0","4560.0","76.0","3900.0","296.0"
"Nov2015","DD","DMK","HDY","210","39690","189.0","17850","772.0"
"Nov2015","DD","DMK","KKC","90","17010","189.0","4800","367.0"
"Nov2015","DD","DMK","LPT","120","10320","86.0","10050","497.0"
"Nov2015","DD","DMK","LOE","82","7052","86.0","5740","410.0"
"Nov2015","DD","DMK","MAQ","96.0","7056.0","73.5","6720.0","380.0"
"Nov2015","DD","DMK","KOP","60.0","8250.0","137.5","4200.0","579.0"
"Nov2015","DD","DMK","NNT","120.0","9160.0","76.33333333333333","9900.0","541.0"
"Nov2015","DD","DMK","PRH","60","5160","86.0","4500","470.0"
"Nov2015","DD","DMK","HKT","240","45360","189.0","18900","689.0"
"Nov2015","DD","DMK","ROI","69","5934","86.0","4380","418.0"
"Nov2015","DD","DMK","SNO","75.0","12630.0","168.4","5475.0","521.0"
"Nov2015","DD","HDY","DMK","210","39690","189.0","17550","772.0"
"Nov2015","DD","HKT","DMK","240","45360","189.0","19050","689.0"
"Nov2015","DD","KKC","DMK","90","17010","189.0","4800","367.0"
"Nov2015","DD","KOP","DMK","60.0","8250.0","137.5","4125.0","579.0"
"Nov2015","DD","LOE","DMK","82","7052","86.0","5780","410.0"
"Nov2015","DD","LPT","DMK","120","10320","86.0","10050","497.0"
"Nov2015","DD","MAQ","DMK","96.0","7056.0","73.5","6570.0","380.0"
"Nov2015","DD","NNT","DMK","120.0","9160.0","76.33333333333333","10500.0","541.0"
"Nov2015","DD","PRH","DMK","60","5160","86.0","4650","470.0"
"Nov2015","DD","ROI","DMK","69","5934","86.0","4080","418.0"
"Nov2015","DD","SNO","DMK","75.0","12630.0","168.4","5475.0","521.0"
"Nov2015","FD","CEI","DMK","147","26460","180.0","11310","666.0"
"Nov2015","FD","CNX","DMK","348","62640","180.0","26670","565.0"
"Nov2015","FD","DMK","CEI","147","26460","180.0","11460","666.0"
"Nov2015","FD","DMK","KOP","60","10800","180.0","4500","579.0"
"Nov2015","FD","DMK","HKT","474","85320","180.0","38100","689.0"
"Nov2015","FD","HKT","DMK","474","85320","180.0","38880","689.0"
"Nov2015","FD","KOP","DMK","60","10800","180.0","4500","579.0"
"Nov2015","K8","CNX","HHQ","13","130","10.0","1560","687.0"
"Nov2015","K8","CNX","KKC","30","300","10.0","2100","480.0"
"Nov2015","K8","CNX","PYY","30","300","10.0","750","87.0"
"Nov2015","K8","CNX","PHS","18","180","10.0","1080","259.0"
"Nov2015","K8","CNX","UBP","30","300","10.0","3300","740.0"
"Nov2015","K8","HHQ","CNX","13","130","10.0","1560","687.0"
"Nov2015","K8","KKC","CNX","30","300","10.0","2400","480.0"
"Nov2015","K8","PHS","CNX","18","180","10.0","1080","259.0"
"Nov2015","K8","PYY","CNX","30","300","10.0","750","87.0"
"Nov2015","K8","UBP","CNX","30","300","10.0","3300","740.0"
"Nov2015","PG","BKK","CEI","87.0","13176.0","151.44827586206895","6960.0","666.0"
"Nov2015","PG","BKK","USM","477.0","55624.0","116.61215932914047","33880.0","465.0"
"Nov2015","PG","BKK","HKT","268.0","42468.0","158.46268656716418","22780.0","673.0"
"Nov2015","PG","CEI","BKK","87.0","13176.0","151.44827586206895","6960.0","666.0"
"Nov2015","PG","HKT","BKK","268.0","42468.0","158.46268656716418","22930.0","673.0"
"Nov2015","PG","HKT","USM","150.0","10500.0","70.0","8250.0","249.0"
"Nov2015","PG","USM","BKK","477.0","55624.0","116.61215932914047","34030.0","465.0"
"Nov2015","PG","USM","HKT","150.0","10500.0","70.0","9000.0","249.0"
"Nov2015","SL","CNX","DMK","240","51600","215.0","18450","565.0"
"Nov2015","SL","DMK","CNX","240","51600","215.0","17850","565.0"
"Nov2015","SL","DMK","HDY","218","46870","215.0","20370","772.0"
"Nov2015","SL","DMK","KBV","60","12900","215.0","5100","666.0"
"Nov2015","SL","DMK","UTH","107","23005","215.0","6590","451.0"
"Nov2015","SL","HDY","DMK","218","46870","215.0","19175","772.0"
"Nov2015","SL","HDY","UTH","13","2795","215.0","1690","1186.0"
"Nov2015","SL","KBV","DMK","60","12900","215.0","5700","666.0"
"Nov2015","SL","UTH","DMK","109","23435","215.0","6240","451.0"
"Nov2015","SL","UTH","HDY","13","2795","215.0","1885","1186.0"
"Nov2015","TG","BKK","CNX","205.0","59183.0","288.69756097560975","14920.0","565.0"
"Nov2015","TG","BKK","KBV","90.0","27054.0","300.6","7200.0","649.0"
"Nov2015","TG","BKK","HKT","300.0","90452.0","301.50666666666666","24420.0","673.0"
"Nov2015","TG","CNX","BKK","205.0","59183.0","288.69756097560975","14920.0","565.0"
"Nov2015","TG","HKT","BKK","300.0","90452.0","301.50666666666666","25950.0","673.0"
"Nov2015","TG","KBV","BKK","90.0","27054.0","300.6","7200.0","649.0"
"Dec2015","DD","BFV","DMK","62.0","4712.0","76.0","4030.0","296.0"
"Dec2015","DD","DMK","BFV","62.0","4712.0","76.0","4030.0","296.0"
"Dec2015","DD","DMK","HDY","206","38934","189.0","17510","772.0"
"Dec2015","DD","DMK","LPT","113","9718","86.0","9450","497.0"
"Dec2015","DD","DMK","LOE","76","6536","86.0","5320","410.0"
"Dec2015","DD","DMK","MAQ","107.0","7962.0","74.41121495327103","7490.0","380.0"
"Dec2015","DD","DMK","KOP","62.0","8525.0","137.5","4340.0","579.0"
"Dec2015","DD","DMK","PRH","51","4386","86.0","3825","470.0"
"Dec2015","DD","DMK","HKT","226","42714","189.0","17825","689.0"
"Dec2015","DD","DMK","ROI","79","6794","86.0","5065","418.0"
"Dec2015","DD","DMK","SNO","93.0","14384.0","154.66666666666666","6975.0","521.0"
"Dec2015","DD","HDY","DMK","206","38934","189.0","17310","772.0"
"Dec2015","DD","HKT","DMK","226","42714","189.0","17980","689.0"
"Dec2015","DD","KOP","DMK","62.0","8525.0","137.5","4185.0","579.0"
"Dec2015","DD","LOE","DMK","76","6536","86.0","5405","410.0"
"Dec2015","DD","LPT","DMK","113","9718","86.0","9450","497.0"
"Dec2015","DD","MAQ","DMK","107.0","7962.0","74.41121495327103","7335.0","380.0"
"Dec2015","DD","PRH","DMK","51","4386","86.0","3980","470.0"
"Dec2015","DD","ROI","DMK","79","6794","86.0","4755","418.0"
"Dec2015","DD","SNO","DMK","93.0","14384.0","154.66666666666666","6975.0","521.0"
"Dec2015","FD","DMK","KOP","62","11160","180.0","4650","579.0"
"Dec2015","FD","DMK","HKT","527","94860","180.0","42470","689.0"
"Dec2015","FD","HKT","DMK","527","94860","180.0","43090","689.0"
"Dec2015","FD","KOP","DMK","62","11160","180.0","4650","579.0"
"Dec2015","K8","CNX","HHQ","13","130","10.0","1560","687.0"
"Dec2015","K8","CNX","KKC","31","310","10.0","2170","480.0"
"Dec2015","K8","CNX","PYY","31","310","10.0","775","87.0"
"Dec2015","K8","CNX","UBP","31","310","10.0","3410","740.0"
"Dec2015","K8","HHQ","CNX","13","130","10.0","1560","687.0"
"Dec2015","K8","KKC","CNX","31","310","10.0","2480","480.0"
"Dec2015","K8","PYY","CNX","31","310","10.0","775","87.0"
"Dec2015","K8","UBP","CNX","31","310","10.0","3410","740.0"
"Dec2015","PG","BKK","CEI","74.0","11412.0","154.21621621621622","5920.0","666.0"
"Dec2015","PG","BKK","USM","701.0","80260.0","114.49358059914408","50760.0","465.0"
"Dec2015","PG","BKK","LPT","93.0","6510.0","70.0","8370.0","497.0"
"Dec2015","PG","BKK","HKT","279.0","44412.0","159.18279569892474","23715.0","673.0"
"Dec2015","PG","BKK","TDX","93.0","6510.0","70.0","5580.0","233.0"
"Dec2015","PG","CEI","BKK","74.0","11412.0","154.21621621621622","5920.0","666.0"
"Dec2015","PG","HKT","BKK","279.0","44412.0","159.18279569892474","23870.0","673.0"
"Dec2015","PG","HKT","USM","186.0","13020.0","70.0","10230.0","249.0"
"Dec2015","PG","LPT","BKK","93.0","6510.0","70.0","8370.0","497.0"
"Dec2015","PG","TDX","BKK","93.0","6510.0","70.0","5580.0","233.0"
"Dec2015","PG","USM","BKK","701.0","80260.0","114.49358059914408","50915.0","465.0"
"Dec2015","PG","USM","HKT","186.0","13020.0","70.0","11160.0","249.0"
"Dec2015","SL","CNX","DMK","301.0","63565.0","211.17940199335547","22880.0","565.0"
"Dec2015","SL","DMK","CNX","301.0","63565.0","211.17940199335547","21830.0","565.0"
"Dec2015","SL","DMK","HDY","227.0","48023.0","211.55506607929516","21205.0","772.0"
"Dec2015","SL","DMK","KBV","87.0","18337.0","210.77011494252875","6520.0","666.0"
"Dec2015","SL","DMK","HKT","56","12040","215.0","6220","689.0"
"Dec2015","SL","DMK","URT","101","21715","215.0","7225","552.0"
"Dec2015","SL","DMK","UTH","141.0","29947.0","212.39007092198582","8845.0","451.0"
"Dec2015","SL","HDY","DMK","227.0","48023.0","211.55506607929516","20225.0","772.0"
"Dec2015","SL","HDY","UTH","21.0","3733.0","177.76190476190476","2730.0","1186.0"
"Dec2015","SL","HKT","DMK","56","12040","215.0","5010","689.0"
"Dec2015","SL","KBV","DMK","87.0","18337.0","210.77011494252875","7765.0","666.0"
"Dec2015","SL","URT","DMK","101","21715","215.0","6425","552.0"
"Dec2015","SL","UTH","DMK","147.0","31237.0","212.49659863945578","8470.0","451.0"
"Dec2015","SL","UTH","HDY","21.0","3733.0","177.76190476190476","3045.0","1186.0"
"Dec2015","TG","BKK","KBV","93.0","28071.0","301.83870967741933","7440.0","649.0"
"Dec2015","TG","BKK","HKT","310.0","102034.0","329.14193548387095","25234.0","673.0"
"Dec2015","TG","HKT","BKK","322.0","106467.0","330.64285714285717","27835.0","673.0"
"Dec2015","TG","KBV","BKK","93.0","28071.0","301.83870967741933","7440.0","649.0"
"Dec2015","WE","BKK","CEI","124.0","20832.0","168.0","9920.0","666.0"
"Dec2015","WE","BKK","HDY","186.0","31248.0","168.0","15810.0","750.0"
"Dec2015","WE","BKK","URT","62.0","10416.0","168.0","4650.0","536.0"
"Dec2015","WE","BKK","UBP","93","15624","168.0","6045","476.0"
"Dec2015","WE","BKK","UTH","124","20832","168.0","8060","451.0"
"Dec2015","WE","CEI","BKK","124.0","20832.0","168.0","9855.0","666.0"
"Dec2015","WE","CNX","DMK","124","20832","168.0","9300","565.0"
"Dec2015","WE","CNX","HKT","31","5208","168.0","3565","1181.0"
"Dec2015","WE","DMK","CNX","124","20832","168.0","8995","565.0"
"Dec2015","WE","DMK","KKC","92","15456","168.0","5060","367.0"
"Dec2015","WE","DMK","HKT","93","15624","168.0","7440","689.0"
"Dec2015","WE","HDY","BKK","186.0","31248.0","168.0","15810.0","750.0"
"Dec2015","WE","HKT","DMK","93","15624","168.0","7905","689.0"
"Dec2015","WE","HKT","CNX","31","5208","168.0","3565","1181.0"
"Dec2015","WE","KKC","DMK","92","15456","168.0","5060","367.0"
"Dec2015","WE","UBP","BKK","93","15624","168.0","6045","476.0"
"Dec2015","WE","URT","BKK","62.0","10416.0","168.0","4340.0","536.0"
"Dec2015","WE","UTH","BKK","124","20832","168.0","7800","451.0"
