"Jan2013","DD","CNX","MAQ","31","1054","34.0","1550","196.0"
"Jan2013","DD","CNX","UTH","93","3162","34.0","7440","433.0"
"Jan2013","DD","DMK","NNT","93.0","4186.0","45.01075268817204","8835.0","541.0"
"Jan2013","DD","DMK","ROI","62","2108","34.0","4650","418.0"
"Jan2013","DD","MAQ","CNX","31","1054","34.0","1550","196.0"
"Jan2013","DD","NNT","DMK","93.0","4186.0","45.01075268817204","8835.0","541.0"
"Jan2013","DD","ROI","DMK","62","2108","34.0","4650","418.0"
"Jan2013","DD","UTH","CNX","93","3162","34.0","7440","433.0"
"Jan2013","FD","CNX","HKT","62","10416","168.0","7750","1181.0"
"Jan2013","FD","DMK","KOP","31","5208","168.0","2325","579.0"
"Jan2013","FD","DMK","NAW","31","5208","168.0","2790","838.0"
"Jan2013","FD","DMK","TST","93","15624","168.0","7905","718.0"
"Jan2013","FD","DMK","UBP","62","10416","168.0","4185","483.0"
"Jan2013","FD","DMK","UTH","93","15624","168.0","6200","451.0"
"Jan2013","FD","HKT","CNX","62","10416","168.0","7130","1181.0"
"Jan2013","FD","HKT","UTH","31","5208","168.0","3255","1135.0"
"Jan2013","FD","KOP","DMK","31","5208","168.0","2325","579.0"
"Jan2013","FD","NAW","DMK","31","5208","168.0","2790","838.0"
"Jan2013","FD","TST","DMK","93","15624","168.0","7905","718.0"
"Jan2013","FD","UBP","DMK","62","10416","168.0","4030","483.0"
"Jan2013","FD","UTH","DMK","93","15624","168.0","6200","451.0"
"Jan2013","FD","UTH","HKT","31","5208","168.0","3410","1135.0"
"Jan2013","PG","BKK","THS","62","4340","70.0","4650","377.0"
"Jan2013","PG","BKK","TDX","93","6510","70.0","5580","233.0"
"Jan2013","PG","HKT","USM","155","10850","70.0","8525","249.0"
"Jan2013","PG","HKT","UTP","31","2170","70.0","3100","586.0"
"Jan2013","PG","KBV","USM","31","2170","70.0","1550","200.0"
"Jan2013","PG","TDX","BKK","93","6510","70.0","5580","233.0"
"Jan2013","PG","THS","BKK","62","4340","70.0","4650","377.0"
"Jan2013","PG","USM","KBV","31","2170","70.0","1705","200.0"
"Jan2013","PG","USM","HKT","155","10850","70.0","9455","249.0"
"Jan2013","PG","USM","UTP","31","2170","70.0","2325","360.0"
"Jan2013","PG","UTP","USM","31","2170","70.0","2170","360.0"
"Jan2013","PG","UTP","HKT","31","2170","70.0","3100","586.0"
"Jan2013","TG","BKK","USM","62","9300","150.0","4030","465.0"
"Jan2013","TG","CNX","HKT","31","5394","174.0","3565","1181.0"
"Jan2013","TG","HKT","CNX","31","5394","174.0","3565","1181.0"
"Jan2013","TG","USM","BKK","62","9300","150.0","4030","465.0"
"Feb2013","DD","CNX","DMK","224.0","41084.0","183.41071428571428","14560.0","565.0"
"Feb2013","DD","CNX","MAQ","28","952","34.0","1400","196.0"
"Feb2013","DD","CNX","UTH","84","2856","34.0","6720","433.0"
"Feb2013","DD","DMK","CNX","224.0","41084.0","183.41071428571428","15680.0","565.0"
"Feb2013","DD","DMK","NNT","84.0","3784.0","45.04761904761905","7980.0","541.0"
"Feb2013","DD","DMK","ROI","56","1904","34.0","4200","418.0"
"Feb2013","DD","MAQ","CNX","28","952","34.0","1400","196.0"
"Feb2013","DD","NNT","DMK","84.0","3784.0","45.04761904761905","7980.0","541.0"
"Feb2013","DD","ROI","DMK","56","1904","34.0","4200","418.0"
"Feb2013","DD","UTH","CNX","84","2856","34.0","6720","433.0"
"Feb2013","FD","CNX","HKT","56","9408","168.0","7000","1181.0"
"Feb2013","FD","DMK","KOP","28","4704","168.0","2100","579.0"
"Feb2013","FD","DMK","NAW","28","4704","168.0","2520","838.0"
"Feb2013","FD","DMK","TST","84","14112","168.0","7140","718.0"
"Feb2013","FD","DMK","UBP","56","9408","168.0","3780","483.0"
"Feb2013","FD","DMK","UTH","84","14112","168.0","5600","451.0"
"Feb2013","FD","HKT","CNX","56","9408","168.0","6440","1181.0"
"Feb2013","FD","HKT","UTH","28","4704","168.0","2940","1135.0"
"Feb2013","FD","KOP","DMK","28","4704","168.0","2100","579.0"
"Feb2013","FD","NAW","DMK","28","4704","168.0","2520","838.0"
"Feb2013","FD","TST","DMK","84","14112","168.0","7140","718.0"
"Feb2013","FD","UBP","DMK","56","9408","168.0","3640","483.0"
"Feb2013","FD","UTH","DMK","84","14112","168.0","5600","451.0"
"Feb2013","FD","UTH","HKT","28","4704","168.0","3080","1135.0"
"Feb2013","PG","BKK","THS","56","3920","70.0","4200","377.0"
"Feb2013","PG","BKK","TDX","84","5880","70.0","5040","233.0"
"Feb2013","PG","CNX","USM","28","4032","144.0","2940","1027.0"
"Feb2013","PG","HKT","USM","140","9800","70.0","7700","249.0"
"Feb2013","PG","HKT","UTP","28","1960","70.0","2800","586.0"
"Feb2013","PG","KBV","USM","28","1960","70.0","1400","200.0"
"Feb2013","PG","TDX","BKK","84","5880","70.0","5040","233.0"
"Feb2013","PG","THS","BKK","56","3920","70.0","4200","377.0"
"Feb2013","PG","USM","KBV","28","1960","70.0","1540","200.0"
"Feb2013","PG","USM","HKT","140","9800","70.0","8540","249.0"
"Feb2013","PG","USM","UTP","28","1960","70.0","2100","360.0"
"Feb2013","PG","UTP","USM","28","1960","70.0","1960","360.0"
"Feb2013","PG","UTP","HKT","28","1960","70.0","2800","586.0"
"Feb2013","TG","BKK","CNX","280.0","80443.0","287.2964285714286","20440.0","565.0"
"Feb2013","TG","BKK","KKC","112.0","25045.0","223.61607142857142","6300.0","367.0"
"Feb2013","TG","BKK","USM","56","8400","150.0","3640","465.0"
"Feb2013","TG","BKK","KBV","140.0","31464.0","224.74285714285713","11200.0","649.0"
"Feb2013","TG","BKK","URT","56","9744","174.0","4200","536.0"
"Feb2013","TG","BKK","UBP","56","9744","174.0","3640","476.0"
"Feb2013","TG","BKK","UTH","84","14616","174.0","5460","451.0"
"Feb2013","TG","CNX","BKK","280.0","80443.0","287.2964285714286","20440.0","565.0"
"Feb2013","TG","CNX","HKT","28","4872","174.0","3220","1181.0"
"Feb2013","TG","HKT","CNX","28","4872","174.0","3220","1181.0"
"Feb2013","TG","KBV","BKK","140.0","31464.0","224.74285714285713","11200.0","649.0"
"Feb2013","TG","KKC","BKK","112.0","25045.0","223.61607142857142","6300.0","367.0"
"Feb2013","TG","UBP","BKK","56","9744","174.0","3640","476.0"
"Feb2013","TG","URT","BKK","56","9744","174.0","3920","536.0"
"Feb2013","TG","USM","BKK","56","8400","150.0","3640","465.0"
"Feb2013","TG","UTH","BKK","84","14616","174.0","5040","451.0"
"Mar2013","DD","DMK","KOP","31.0","5819.0","187.70967741935485","2170.0","579.0"
"Mar2013","DD","KOP","DMK","31.0","5819.0","187.70967741935485","2170.0","579.0"
"Mar2013","FD","CNX","HDY","62","10416","168.0","7750","1320.0"
"Mar2013","FD","CNX","HKT","62","10416","168.0","7750","1181.0"
"Mar2013","FD","DMK","KOP","31","5208","168.0","2330","579.0"
"Mar2013","FD","DMK","NAW","31","5208","168.0","2790","838.0"
"Mar2013","FD","DMK","TST","93","15624","168.0","7890","718.0"
"Mar2013","FD","DMK","UBP","62","10416","168.0","4180","483.0"
"Mar2013","FD","DMK","UTH","93","15624","168.0","6185","451.0"
"Mar2013","FD","HDY","CNX","62","10416","168.0","7445","1320.0"
"Mar2013","FD","HKT","CNX","62","10416","168.0","7145","1181.0"
"Mar2013","FD","HKT","UTH","31","5208","168.0","3250","1135.0"
"Mar2013","FD","KOP","DMK","31","5208","168.0","2330","579.0"
"Mar2013","FD","NAW","DMK","31","5208","168.0","2790","838.0"
"Mar2013","FD","TST","DMK","93","15624","168.0","7890","718.0"
"Mar2013","FD","UBP","DMK","62","10416","168.0","4035","483.0"
"Mar2013","FD","UTH","DMK","93","15624","168.0","6185","451.0"
"Mar2013","FD","UTH","HKT","31","5208","168.0","3410","1135.0"
"Mar2013","K8","CNX","HGN","93","930","10.0","3255","119.0"
"Mar2013","K8","CNX","PHS","18","180","10.0","1080","259.0"
"Mar2013","K8","HGN","CNX","93","930","10.0","2945","119.0"
"Mar2013","K8","PHS","CNX","18","180","10.0","1080","259.0"
"Mar2013","PG","BKK","THS","62","4340","70.0","4650","377.0"
"Mar2013","PG","BKK","TDX","93","6510","70.0","5580","233.0"
"Mar2013","PG","CNX","USM","31","4464","144.0","3255","1027.0"
"Mar2013","PG","HKT","UTP","31","2170","70.0","3095","586.0"
"Mar2013","PG","KBV","USM","31","2170","70.0","1550","200.0"
"Mar2013","PG","TDX","BKK","93","6510","70.0","5580","233.0"
"Mar2013","PG","THS","BKK","62","4340","70.0","4650","377.0"
"Mar2013","PG","USM","KBV","31","2170","70.0","1705","200.0"
"Mar2013","PG","USM","UTP","31","2170","70.0","2330","360.0"
"Mar2013","PG","UTP","USM","31","2170","70.0","2170","360.0"
"Mar2013","PG","UTP","HKT","31","2170","70.0","3100","586.0"
"Mar2013","TG","BKK","USM","62","9300","150.0","4030","465.0"
"Mar2013","TG","BKK","URT","62","10788","174.0","4650","536.0"
"Mar2013","TG","BKK","UBP","62.0","10764.0","173.61290322580646","4030.0","476.0"
"Mar2013","TG","CNX","HKT","31","5394","174.0","3565","1181.0"
"Mar2013","TG","HKT","CNX","31","5394","174.0","3565","1181.0"
"Mar2013","TG","UBP","BKK","62.0","10764.0","173.61290322580646","4030.0","476.0"
"Mar2013","TG","URT","BKK","62","10788","174.0","4340","536.0"
"Mar2013","TG","USM","BKK","62","9300","150.0","4030","465.0"
"Apr2013","DD","DMK","LOE","30","1980","66.0","2250","410.0"
"Apr2013","DD","DMK","KOP","30.0","4510.0","150.33333333333334","2100.0","579.0"
"Apr2013","DD","DMK","NNT","60.0","3000.0","50.0","5700.0","541.0"
"Apr2013","DD","DMK","TST","60","11340","189.0","4800","718.0"
"Apr2013","DD","KOP","DMK","30.0","4510.0","150.33333333333334","2100.0","579.0"
"Apr2013","DD","LOE","DMK","30","1980","66.0","2250","410.0"
"Apr2013","DD","NNT","DMK","60.0","3000.0","50.0","5700.0","541.0"
"Apr2013","DD","TST","DMK","60","11340","189.0","4800","718.0"
"Apr2013","FD","CNX","HKT","60","10080","168.0","7500","1181.0"
"Apr2013","FD","DMK","KOP","30","5040","168.0","2400","579.0"
"Apr2013","FD","DMK","NAW","30","5040","168.0","2700","838.0"
"Apr2013","FD","DMK","UBP","60","10080","168.0","3855","483.0"
"Apr2013","FD","HKT","CNX","60","10080","168.0","7350","1181.0"
"Apr2013","FD","HKT","UTH","30","5040","168.0","3000","1135.0"
"Apr2013","FD","KOP","DMK","30","5040","168.0","2400","579.0"
"Apr2013","FD","NAW","DMK","30","5040","168.0","2630","838.0"
"Apr2013","FD","UBP","DMK","60","10080","168.0","4005","483.0"
"Apr2013","FD","UTH","HKT","30","5040","168.0","3300","1135.0"
"Apr2013","K8","CNX","HGN","90","900","10.0","3150","119.0"
"Apr2013","K8","CNX","PYY","12","120","10.0","300","87.0"
"Apr2013","K8","CNX","PHS","17","170","10.0","1020","259.0"
"Apr2013","K8","HGN","CNX","90","900","10.0","3010","119.0"
"Apr2013","K8","PHS","CNX","17","170","10.0","1020","259.0"
"Apr2013","K8","PYY","CNX","12","120","10.0","300","87.0"
"Apr2013","PG","BKK","THS","60","4200","70.0","4500","377.0"
"Apr2013","PG","CNX","USM","30","4320","144.0","3150","1027.0"
"Apr2013","PG","HKT","UTP","30","2100","70.0","2850","586.0"
"Apr2013","PG","KBV","USM","30","2100","70.0","1500","200.0"
"Apr2013","PG","THS","BKK","60","4200","70.0","4500","377.0"
"Apr2013","PG","USM","KBV","30","2100","70.0","1650","200.0"
"Apr2013","PG","USM","UTP","30","2100","70.0","2400","360.0"
"Apr2013","PG","UTP","USM","30","2100","70.0","2100","360.0"
"Apr2013","PG","UTP","HKT","30","2100","70.0","3000","586.0"
"Apr2013","TG","BKK","CEI","90.0","18544.0","206.04444444444445","7200.0","666.0"
"Apr2013","TG","BKK","USM","60","9000","150.0","3900","465.0"
"Apr2013","TG","BKK","HKT","313.0","91388.0","291.9744408945687","25310.0","673.0"
"Apr2013","TG","CEI","BKK","90.0","18544.0","206.04444444444445","7200.0","666.0"
"Apr2013","TG","USM","BKK","60","9000","150.0","3900","465.0"
"May2013","DD","BFV","DMK","14","476","34.0","910","296.0"
"May2013","DD","DMK","BFV","14","476","34.0","910","296.0"
"May2013","DD","DMK","LOE","31","2046","66.0","2325","410.0"
"May2013","DD","DMK","KOP","31","5859","189.0","2170","579.0"
"May2013","DD","DMK","PRH","17","578","34.0","1445","470.0"
"May2013","DD","DMK","SNO","31","5859","189.0","2170","521.0"
"May2013","DD","DMK","TST","62","11718","189.0","4960","718.0"
"May2013","DD","KOP","DMK","31","5859","189.0","2170","579.0"
"May2013","DD","LOE","DMK","31","2046","66.0","2325","410.0"
"May2013","DD","PRH","DMK","17","578","34.0","1445","470.0"
"May2013","DD","SNO","DMK","31","5859","189.0","2170","521.0"
"May2013","DD","TST","DMK","62","11718","189.0","4960","718.0"
"May2013","FD","CNX","HKT","62","10416","168.0","7750","1181.0"
"May2013","FD","DMK","HDY","217","36456","168.0","17515","772.0"
"May2013","FD","DMK","KOP","31","5208","168.0","2480","579.0"
"May2013","FD","DMK","NAW","31","5208","168.0","2790","838.0"
"May2013","FD","DMK","UBP","62","10416","168.0","3875","483.0"
"May2013","FD","HDY","DMK","217","36456","168.0","19220","772.0"
"May2013","FD","HKT","CNX","62","10416","168.0","7595","1181.0"
"May2013","FD","HKT","UTH","31","5208","168.0","3100","1135.0"
"May2013","FD","KOP","DMK","31","5208","168.0","2480","579.0"
"May2013","FD","NAW","DMK","31","5208","168.0","2790","838.0"
"May2013","FD","UBP","DMK","62","10416","168.0","4030","483.0"
"May2013","FD","UTH","HKT","31","5208","168.0","3410","1135.0"
"May2013","K8","CNX","HGN","93","1056","11.35483870967742","3255","119.0"
"May2013","K8","CNX","NNT","9","102","11.333333333333334","405","192.0"
"May2013","K8","HGN","CNX","93","1056","11.35483870967742","3255","119.0"
"May2013","K8","NNT","CNX","9","102","11.333333333333334","360","192.0"
"May2013","PG","BKK","THS","62","4340","70.0","4650","377.0"
"May2013","PG","BKK","TDX","93","6510","70.0","5580","233.0"
"May2013","PG","CNX","USM","31","4464","144.0","3255","1027.0"
"May2013","PG","HKT","UTP","31","2170","70.0","2945","586.0"
"May2013","PG","KBV","USM","31","2170","70.0","1550","200.0"
"May2013","PG","TDX","BKK","93","6510","70.0","5580","233.0"
"May2013","PG","THS","BKK","62","4340","70.0","4650","377.0"
"May2013","PG","USM","KBV","31","2170","70.0","1705","200.0"
"May2013","PG","USM","UTP","31","2170","70.0","2480","360.0"
"May2013","PG","UTP","USM","31","2170","70.0","2170","360.0"
"May2013","PG","UTP","HKT","31","2170","70.0","3100","586.0"
"May2013","TG","BKK","USM","62","9258","149.32258064516128","4030","465.0"
"May2013","TG","USM","BKK","62","9258","149.32258064516128","4030","465.0"
"Jun2013","DD","DMK","LOE","30.0","1980.0","66.0","2250.0","410.0"
"Jun2013","DD","DMK","KOP","30","5670","189.0","2100","579.0"
"Jun2013","DD","DMK","UNN","30","1020","34.0","2850","497.0"
"Jun2013","DD","DMK","SNO","30","5670","189.0","2100","521.0"
"Jun2013","DD","DMK","TST","60","11340","189.0","4800","718.0"
"Jun2013","DD","KOP","DMK","30","5670","189.0","2100","579.0"
"Jun2013","DD","LOE","DMK","30.0","1980.0","66.0","2250.0","410.0"
"Jun2013","DD","SNO","DMK","30","5670","189.0","2100","521.0"
"Jun2013","DD","TST","DMK","60","11340","189.0","4800","718.0"
"Jun2013","DD","UNN","DMK","30","1020","34.0","2850","497.0"
"Jun2013","FD","CNX","HKT","60","10080","168.0","7500","1181.0"
"Jun2013","FD","DMK","HDY","210","35280","168.0","16950","772.0"
"Jun2013","FD","DMK","KOP","30","5040","168.0","2400","579.0"
"Jun2013","FD","DMK","NAW","30","5040","168.0","2700","838.0"
"Jun2013","FD","DMK","UBP","60","10080","168.0","3750","483.0"
"Jun2013","FD","HDY","DMK","210","35280","168.0","18600","772.0"
"Jun2013","FD","HKT","CNX","60","10080","168.0","7350","1181.0"
"Jun2013","FD","HKT","UTH","30","5040","168.0","3000","1135.0"
"Jun2013","FD","KOP","DMK","30","5040","168.0","2400","579.0"
"Jun2013","FD","NAW","DMK","30","5040","168.0","2700","838.0"
"Jun2013","FD","UBP","DMK","60","10080","168.0","3900","483.0"
"Jun2013","FD","UTH","HKT","30","5040","168.0","3300","1135.0"
"Jun2013","K8","CNX","HGN","90","1080","12.0","3150","119.0"
"Jun2013","K8","HGN","CNX","90","1080","12.0","3150","119.0"
"Jun2013","PG","BKK","THS","60","4200","70.0","4500","377.0"
"Jun2013","PG","BKK","TDX","90","6300","70.0","5400","233.0"
"Jun2013","PG","CNX","USM","30","4320","144.0","3150","1027.0"
"Jun2013","PG","HKT","UTP","30","2100","70.0","2850","586.0"
"Jun2013","PG","KBV","USM","30","2100","70.0","1500","200.0"
"Jun2013","PG","TDX","BKK","90","6300","70.0","5400","233.0"
"Jun2013","PG","THS","BKK","60","4200","70.0","4500","377.0"
"Jun2013","PG","USM","KBV","30","2100","70.0","1650","200.0"
"Jun2013","PG","USM","UTP","30","2100","70.0","2400","360.0"
"Jun2013","PG","UTP","USM","30","2100","70.0","2100","360.0"
"Jun2013","PG","UTP","HKT","30","2100","70.0","3000","586.0"
"Jun2013","TG","BKK","USM","60","8940","149.0","3900","465.0"
"Jun2013","TG","USM","BKK","60","8940","149.0","3900","465.0"
"Jul2013","DD","DMK","LOE","31","2046","66.0","2325","410.0"
"Jul2013","DD","DMK","KOP","31","5859","189.0","2170","579.0"
"Jul2013","DD","DMK","NST","155","29295","189.0","10850","610.0"
"Jul2013","DD","DMK","UNN","31","1054","34.0","2945","497.0"
"Jul2013","DD","DMK","TST","62","11718","189.0","4960","718.0"
"Jul2013","DD","KOP","DMK","31","5859","189.0","2170","579.0"
"Jul2013","DD","LOE","DMK","31","2046","66.0","2325","410.0"
"Jul2013","DD","NST","DMK","155","29295","189.0","10850","610.0"
"Jul2013","DD","TST","DMK","62","11718","189.0","4960","718.0"
"Jul2013","DD","UNN","DMK","31","1054","34.0","2945","497.0"
"Jul2013","FD","DMK","KOP","31","5208","168.0","2480","579.0"
"Jul2013","FD","DMK","NAW","31","5208","168.0","2790","838.0"
"Jul2013","FD","DMK","HKT","372","62496","168.0","29605","689.0"
"Jul2013","FD","DMK","UBP","62","10416","168.0","3875","483.0"
"Jul2013","FD","HKT","DMK","372","62496","168.0","31115","689.0"
"Jul2013","FD","HKT","UTH","31","5208","168.0","3100","1135.0"
"Jul2013","FD","KOP","DMK","31","5208","168.0","2480","579.0"
"Jul2013","FD","NAW","DMK","31","5208","168.0","2790","838.0"
"Jul2013","FD","UBP","DMK","62","10416","168.0","4030","483.0"
"Jul2013","FD","UTH","HKT","31","5208","168.0","3410","1135.0"
"Jul2013","K8","CNX","NNT","8","96","12.0","360","192.0"
"Jul2013","K8","CNX","PYY","12","144","12.0","300","87.0"
"Jul2013","K8","NNT","CNX","8","96","12.0","320","192.0"
"Jul2013","K8","PYY","CNX","12","144","12.0","300","87.0"
"Jul2013","PG","BKK","THS","62","4340","70.0","4650","377.0"
"Jul2013","PG","BKK","TDX","93","6510","70.0","5580","233.0"
"Jul2013","PG","HKT","UTP","31","2170","70.0","2945","586.0"
"Jul2013","PG","KBV","USM","31","2170","70.0","1550","200.0"
"Jul2013","PG","TDX","BKK","93","6510","70.0","5580","233.0"
"Jul2013","PG","THS","BKK","62","4340","70.0","4650","377.0"
"Jul2013","PG","USM","KBV","31","2170","70.0","1705","200.0"
"Jul2013","PG","USM","UTP","31","2170","70.0","2480","360.0"
"Jul2013","PG","UTP","USM","31","2170","70.0","2170","360.0"
"Jul2013","PG","UTP","HKT","31","2170","70.0","3100","586.0"
"Jul2013","TG","BKK","USM","62","9238","149.0","4030","465.0"
"Jul2013","TG","USM","BKK","62","9238","149.0","4030","465.0"
"Aug2013","DD","BFV","DMK","13","442","34.0","845","296.0"
"Aug2013","DD","DMK","BFV","13","442","34.0","845","296.0"
"Aug2013","DD","DMK","KOP","31","5859","189.0","2170","579.0"
"Aug2013","DD","DMK","NST","155","29295","189.0","10850","610.0"
"Aug2013","DD","DMK","PRH","18","612","34.0","1530","470.0"
"Aug2013","DD","DMK","TST","62","11718","189.0","4960","718.0"
"Aug2013","DD","KOP","DMK","31","5859","189.0","2170","579.0"
"Aug2013","DD","NST","DMK","155","29295","189.0","10850","610.0"
"Aug2013","DD","PRH","DMK","18","612","34.0","1530","470.0"
"Aug2013","DD","TST","DMK","62","11718","189.0","4960","718.0"
"Aug2013","FD","DMK","HDY","217","36456","168.0","17515","772.0"
"Aug2013","FD","DMK","KOP","31","5208","168.0","2480","579.0"
"Aug2013","FD","DMK","NAW","31","5208","168.0","2790","838.0"
"Aug2013","FD","DMK","HKT","372","62496","168.0","29605","689.0"
"Aug2013","FD","DMK","TST","62","10416","168.0","5115","718.0"
"Aug2013","FD","DMK","UBP","62","10416","168.0","3875","483.0"
"Aug2013","FD","HDY","DMK","217","36456","168.0","19220","772.0"
"Aug2013","FD","HKT","DMK","372","62496","168.0","31110","689.0"
"Aug2013","FD","HKT","UTH","31","5208","168.0","3100","1135.0"
"Aug2013","FD","KOP","DMK","31","5208","168.0","2480","579.0"
"Aug2013","FD","NAW","DMK","31","5208","168.0","2790","838.0"
"Aug2013","FD","TST","DMK","62","10416","168.0","4960","718.0"
"Aug2013","FD","UBP","DMK","62","10416","168.0","4030","483.0"
"Aug2013","FD","UTH","HKT","31","5208","168.0","3410","1135.0"
"Aug2013","PG","BKK","THS","62","4340","70.0","4650","377.0"
"Aug2013","PG","BKK","TDX","93","6510","70.0","5580","233.0"
"Aug2013","PG","HKT","USM","155","10850","70.0","8525","249.0"
"Aug2013","PG","HKT","UTP","31","2170","70.0","2945","586.0"
"Aug2013","PG","KBV","USM","31","2170","70.0","1550","200.0"
"Aug2013","PG","TDX","BKK","93","6510","70.0","5580","233.0"
"Aug2013","PG","THS","BKK","62","4340","70.0","4650","377.0"
"Aug2013","PG","USM","KBV","31","2170","70.0","1705","200.0"
"Aug2013","PG","USM","HKT","155","10850","70.0","9300","249.0"
"Aug2013","PG","USM","UTP","31","2170","70.0","2480","360.0"
"Aug2013","PG","UTP","USM","31","2170","70.0","2170","360.0"
"Aug2013","PG","UTP","HKT","31","2170","70.0","3100","586.0"
"Aug2013","TG","BKK","USM","62","9238","149.0","4030","465.0"
"Aug2013","TG","USM","BKK","62","9238","149.0","4030","465.0"
"Sep2013","DD","BFV","DMK","13","442","34.0","845","296.0"
"Sep2013","DD","CJM","DMK","60","2040","34.0","4200","380.0"
"Sep2013","DD","DMK","BFV","13","442","34.0","845","296.0"
"Sep2013","DD","DMK","CJM","60","2040","34.0","4200","380.0"
"Sep2013","DD","DMK","LOE","30","1980","66.0","2250","410.0"
"Sep2013","DD","DMK","KOP","30","5670","189.0","2100","579.0"
"Sep2013","DD","DMK","NST","150","28350","189.0","10500","610.0"
"Sep2013","DD","DMK","NNT","60","3960","66.0","5700","541.0"
"Sep2013","DD","DMK","PRH","17","578","34.0","1445","470.0"
"Sep2013","DD","DMK","UNN","30","1020","34.0","2850","497.0"
"Sep2013","DD","KOP","DMK","30","5670","189.0","2100","579.0"
"Sep2013","DD","LOE","DMK","30","1980","66.0","2250","410.0"
"Sep2013","DD","NNT","DMK","60","3960","66.0","5700","541.0"
"Sep2013","DD","NST","DMK","150","28350","189.0","10500","610.0"
"Sep2013","DD","PRH","DMK","17","578","34.0","1445","470.0"
"Sep2013","DD","UNN","DMK","30","1020","34.0","2850","497.0"
"Sep2013","FD","DMK","KBV","120","20160","168.0","9000","666.0"
"Sep2013","FD","DMK","KOP","30","5040","168.0","2400","579.0"
"Sep2013","FD","DMK","NAW","30","5040","168.0","2700","838.0"
"Sep2013","FD","DMK","HKT","360","60480","168.0","28650","689.0"
"Sep2013","FD","DMK","TST","60","10080","168.0","4950","718.0"
"Sep2013","FD","DMK","UBP","60","10080","168.0","3750","483.0"
"Sep2013","FD","HKT","DMK","360","60480","168.0","30105","689.0"
"Sep2013","FD","HKT","UTH","30","5040","168.0","3000","1135.0"
"Sep2013","FD","KBV","DMK","120","20160","168.0","9750","666.0"
"Sep2013","FD","KOP","DMK","30","5040","168.0","2400","579.0"
"Sep2013","FD","NAW","DMK","30","5040","168.0","2700","838.0"
"Sep2013","FD","TST","DMK","60","10080","168.0","4800","718.0"
"Sep2013","FD","UBP","DMK","60","10080","168.0","3900","483.0"
"Sep2013","FD","UTH","HKT","30","5040","168.0","3300","1135.0"
"Sep2013","PG","BKK","THS","60","4200","70.0","4500","377.0"
"Sep2013","PG","BKK","TDX","90","6300","70.0","5400","233.0"
"Sep2013","PG","CNX","USM","30","4272","142.4","3150","1027.0"
"Sep2013","PG","HKT","UTP","30","2100","70.0","2850","586.0"
"Sep2013","PG","KBV","USM","30","2100","70.0","1500","200.0"
"Sep2013","PG","TDX","BKK","90","6300","70.0","5400","233.0"
"Sep2013","PG","THS","BKK","60","4200","70.0","4500","377.0"
"Sep2013","PG","USM","KBV","30","2100","70.0","1650","200.0"
"Sep2013","PG","USM","UTP","30","2100","70.0","2400","360.0"
"Sep2013","PG","UTP","USM","30","2100","70.0","2100","360.0"
"Sep2013","PG","UTP","HKT","30","2100","70.0","3000","586.0"
"Sep2013","TG","BKK","USM","60","8940","149.0","3900","465.0"
"Sep2013","TG","USM","BKK","60","8940","149.0","3900","465.0"
"Oct2013","DD","DMK","KOP","31","5859","189.0","2145","579.0"
"Oct2013","DD","DMK","PRH","20","680","34.0","1700","470.0"
"Oct2013","DD","DMK","UNN","62.0","3100.0","50.0","5890.0","497.0"
"Oct2013","DD","DMK","SNO","31","5859","189.0","2170","521.0"
"Oct2013","DD","KOP","DMK","31","5859","189.0","2145","579.0"
"Oct2013","DD","PRH","DMK","20","680","34.0","1700","470.0"
"Oct2013","DD","SNO","DMK","31","5859","189.0","2170","521.0"
"Oct2013","DD","UNN","DMK","62.0","3100.0","50.0","5890.0","497.0"
"Oct2013","FD","DMK","KOP","31","5208","168.0","2455","579.0"
"Oct2013","FD","DMK","NAW","31","5208","168.0","2790","838.0"
"Oct2013","FD","DMK","TST","93","15624","168.0","7775","718.0"
"Oct2013","FD","DMK","UBP","62","10416","168.0","3925","483.0"
"Oct2013","FD","HKT","UTH","31","5208","168.0","3125","1135.0"
"Oct2013","FD","KOP","DMK","31","5208","168.0","2455","579.0"
"Oct2013","FD","NAW","DMK","31","5208","168.0","2790","838.0"
"Oct2013","FD","TST","DMK","93","15624","168.0","7515","718.0"
"Oct2013","FD","UBP","DMK","62","10416","168.0","4030","483.0"
"Oct2013","FD","UTH","HKT","31","5208","168.0","3410","1135.0"
"Oct2013","PG","BKK","THS","62","4340","70.0","4650","377.0"
"Oct2013","PG","BKK","TDX","93","6510","70.0","5580","233.0"
"Oct2013","PG","CNX","USM","31","4464","144.0","3255","1027.0"
"Oct2013","PG","HKT","UTP","31","2170","70.0","2970","586.0"
"Oct2013","PG","KBV","USM","31","2170","70.0","1550","200.0"
"Oct2013","PG","TDX","BKK","93","6510","70.0","5580","233.0"
"Oct2013","PG","THS","BKK","62","4340","70.0","4650","377.0"
"Oct2013","PG","USM","KBV","31","2170","70.0","1705","200.0"
"Oct2013","PG","USM","UTP","31","2170","70.0","2455","360.0"
"Oct2013","PG","UTP","USM","31","2170","70.0","2170","360.0"
"Oct2013","PG","UTP","HKT","31","2170","70.0","3100","586.0"
"Oct2013","TG","BKK","USM","62","9238","149.0","4030","465.0"
"Oct2013","TG","USM","BKK","62","9238","149.0","4030","465.0"
"Nov2013","8B","HKT","BKK","9","2259","251.0","720","673.0"
"Nov2013","DD","BFV","DMK","30","1020","34.0","1950","296.0"
"Nov2013","DD","CEI","DMK","150","28350","189.0","11250","666.0"
"Nov2013","DD","DMK","BFV","30","1020","34.0","1950","296.0"
"Nov2013","DD","DMK","CEI","150","28350","189.0","11250","666.0"
"Nov2013","DD","DMK","KOP","30","5670","189.0","1950","579.0"
"Nov2013","DD","DMK","PRH","30","1020","34.0","2550","470.0"
"Nov2013","DD","DMK","UNN","60.0","3000.0","50.0","5700.0","497.0"
"Nov2013","DD","DMK","ROI","60.0","3000.0","50.0","4500.0","418.0"
"Nov2013","DD","DMK","URT","150","28350","189.0","10500","552.0"
"Nov2013","DD","DMK","TST","90","17010","189.0","7050","718.0"
"Nov2013","DD","KOP","DMK","30","5670","189.0","1950","579.0"
"Nov2013","DD","PRH","DMK","30","1020","34.0","2550","470.0"
"Nov2013","DD","ROI","DMK","60.0","3000.0","50.0","4500.0","418.0"
"Nov2013","DD","TST","DMK","90","17010","189.0","7050","718.0"
"Nov2013","DD","UNN","DMK","60.0","3000.0","50.0","5700.0","497.0"
"Nov2013","DD","URT","DMK","150","28350","189.0","10200","552.0"
"Nov2013","FD","DMK","HDY","270","45360","168.0","22950","772.0"
"Nov2013","FD","DMK","KOP","30","5040","168.0","2250","579.0"
"Nov2013","FD","DMK","NAW","30","5040","168.0","2700","838.0"
"Nov2013","FD","DMK","HKT","360","60480","168.0","28950","689.0"
"Nov2013","FD","DMK","TST","90","15120","168.0","7650","718.0"
"Nov2013","FD","DMK","UBP","60","10080","168.0","4050","483.0"
"Nov2013","FD","HDY","DMK","270","45360","168.0","22635","772.0"
"Nov2013","FD","HKT","DMK","360","60480","168.0","28950","689.0"
"Nov2013","FD","HKT","UTH","30","5040","168.0","3150","1135.0"
"Nov2013","FD","KOP","DMK","30","5040","168.0","2250","579.0"
"Nov2013","FD","NAW","DMK","30","5040","168.0","2700","838.0"
"Nov2013","FD","TST","DMK","90","15120","168.0","7650","718.0"
"Nov2013","FD","UBP","DMK","60","10080","168.0","3900","483.0"
"Nov2013","FD","UTH","HKT","30","5040","168.0","3300","1135.0"
"Nov2013","K8","CNX","NNT","9","108","12.0","405","192.0"
"Nov2013","K8","CNX","PYY","14","168","12.0","350","87.0"
"Nov2013","K8","CNX","PHS","17","204","12.0","1020","259.0"
"Nov2013","K8","NNT","CNX","9","108","12.0","385","192.0"
"Nov2013","K8","PHS","CNX","17","204","12.0","1020","259.0"
"Nov2013","K8","PYY","CNX","14","168","12.0","350","87.0"
"Nov2013","PG","BKK","LPT","90","6300","70.0","8100","497.0"
"Nov2013","PG","BKK","TDX","90","6300","70.0","5400","233.0"
"Nov2013","PG","CNX","USM","30","4320","144.0","3150","1027.0"
"Nov2013","PG","HKT","UTP","30","2100","70.0","3000","586.0"
"Nov2013","PG","KBV","USM","30","2100","70.0","1500","200.0"
"Nov2013","PG","LPT","BKK","90","6300","70.0","8100","497.0"
"Nov2013","PG","TDX","BKK","90","6300","70.0","5400","233.0"
"Nov2013","PG","USM","KBV","30","2100","70.0","1650","200.0"
"Nov2013","PG","USM","UTP","30","2100","70.0","2250","360.0"
"Nov2013","PG","UTP","USM","30","2100","70.0","2100","360.0"
"Nov2013","PG","UTP","HKT","30","2100","70.0","3000","586.0"
"Nov2013","TG","BKK","USM","60","8940","149.0","3900","465.0"
"Nov2013","TG","USM","BKK","60","8940","149.0","3900","465.0"
"Dec2013","8B","HKT","BKK","8","2008","251.0","640","673.0"
"Dec2013","DD","BFV","DMK","31","1054","34.0","2015","296.0"
"Dec2013","DD","DMK","BFV","31","1054","34.0","2015","296.0"
"Dec2013","DD","DMK","LOE","62.0","3100.0","50.0","4650.0","410.0"
"Dec2013","DD","DMK","KOP","31","5859","189.0","2060","579.0"
"Dec2013","DD","DMK","NST","186","35154","189.0","12555","610.0"
"Dec2013","DD","DMK","PRH","31","1054","34.0","2635","470.0"
"Dec2013","DD","DMK","URT","155","29295","189.0","10760","552.0"
"Dec2013","DD","DMK","TST","93","17577","189.0","7285","718.0"
"Dec2013","DD","KOP","DMK","31","5859","189.0","2060","579.0"
"Dec2013","DD","LOE","DMK","62.0","3100.0","50.0","4650.0","410.0"
"Dec2013","DD","NST","DMK","186","35154","189.0","12865","610.0"
"Dec2013","DD","PRH","DMK","31","1054","34.0","2635","470.0"
"Dec2013","DD","TST","DMK","93","17577","189.0","7285","718.0"
"Dec2013","DD","URT","DMK","155","29295","189.0","10630","552.0"
"Dec2013","FD","CNX","DMK","372","62496","168.0","28365","565.0"
"Dec2013","FD","DMK","CNX","372","62496","168.0","28210","565.0"
"Dec2013","FD","DMK","HDY","279","46872","168.0","23715","772.0"
"Dec2013","FD","DMK","KBV","248","41664","168.0","19840","666.0"
"Dec2013","FD","DMK","KOP","31","5208","168.0","2325","579.0"
"Dec2013","FD","DMK","NST","124","20832","168.0","9455","610.0"
"Dec2013","FD","DMK","NAW","31","5208","168.0","2790","838.0"
"Dec2013","FD","DMK","PHS","62","10416","168.0","3410","320.0"
"Dec2013","FD","DMK","HKT","372","62496","168.0","29915","689.0"
"Dec2013","FD","DMK","TST","93","15624","168.0","7905","718.0"
"Dec2013","FD","DMK","UBP","62","10416","168.0","4185","483.0"
"Dec2013","FD","HDY","DMK","279","46872","168.0","23405","772.0"
"Dec2013","FD","HKT","DMK","372","62496","168.0","29915","689.0"
"Dec2013","FD","HKT","UTH","31","5208","168.0","3255","1135.0"
"Dec2013","FD","KBV","DMK","248","41664","168.0","18910","666.0"
"Dec2013","FD","KOP","DMK","31","5208","168.0","2325","579.0"
"Dec2013","FD","NAW","DMK","31","5208","168.0","2790","838.0"
"Dec2013","FD","NST","DMK","124","20832","168.0","9300","610.0"
"Dec2013","FD","PHS","DMK","62","10416","168.0","3565","320.0"
"Dec2013","FD","TST","DMK","93","15624","168.0","7905","718.0"
"Dec2013","FD","UBP","DMK","62","10416","168.0","4030","483.0"
"Dec2013","FD","UTH","HKT","31","5208","168.0","3410","1135.0"
"Dec2013","K8","CNX","PHS","18","216","12.0","1080","259.0"
"Dec2013","K8","PHS","CNX","18","216","12.0","1080","259.0"
"Dec2013","PG","BKK","HKT","248.0","40158.0","161.92741935483872","21080.0","673.0"
"Dec2013","PG","BKK","THS","62","4340","70.0","4650","377.0"
"Dec2013","PG","HKT","BKK","248.0","40158.0","161.92741935483872","21080.0","673.0"
"Dec2013","PG","HKT","UTP","31","2170","70.0","3100","586.0"
"Dec2013","PG","KBV","USM","31","2170","70.0","1550","200.0"
"Dec2013","PG","THS","BKK","62","4340","70.0","4650","377.0"
"Dec2013","PG","USM","CNX","31","4464","144.0","3410","1027.0"
"Dec2013","PG","USM","KBV","31","2170","70.0","1705","200.0"
"Dec2013","PG","USM","UTP","31","2170","70.0","2325","360.0"
"Dec2013","PG","UTP","USM","31","2170","70.0","2170","360.0"
"Dec2013","PG","UTP","HKT","31","2170","70.0","3100","586.0"
"Dec2013","TG","BKK","USM","62","9238","149.0","4030","465.0"
"Dec2013","TG","USM","BKK","62","9238","149.0","4030","465.0"
"Jan2014","DD","BFV","DMK","31","1054","34.0","2015","296.0"
"Jan2014","DD","DMK","BFV","31","1054","34.0","2015","296.0"
"Jan2014","DD","DMK","LOE","62.0","3100.0","50.0","4650.0","410.0"
"Jan2014","DD","DMK","KOP","31","5859","189.0","2170","579.0"
"Jan2014","DD","DMK","NST","186","35154","189.0","12555","610.0"
"Jan2014","DD","DMK","PRH","31","1054","34.0","2635","470.0"
"Jan2014","DD","DMK","UNN","62","4092","66.0","5890","497.0"
"Jan2014","DD","DMK","ROI","62.0","3100.0","50.0","4650.0","418.0"
"Jan2014","DD","DMK","URT","155","29295","189.0","10540","552.0"
"Jan2014","DD","DMK","TST","93","17577","189.0","7440","718.0"
"Jan2014","DD","KOP","DMK","31","5859","189.0","2170","579.0"
"Jan2014","DD","LOE","DMK","62.0","3100.0","50.0","4650.0","410.0"
"Jan2014","DD","NST","DMK","186","35154","189.0","12865","610.0"
"Jan2014","DD","PRH","DMK","31","1054","34.0","2635","470.0"
"Jan2014","DD","ROI","DMK","62.0","3100.0","50.0","4650.0","418.0"
"Jan2014","DD","TST","DMK","93","17577","189.0","7440","718.0"
"Jan2014","DD","UNN","DMK","62","4092","66.0","5890","497.0"
"Jan2014","DD","URT","DMK","155","29295","189.0","10850","552.0"
"Jan2014","FD","CNX","DMK","372","62496","168.0","28365","565.0"
"Jan2014","FD","DMK","CNX","372","62496","168.0","28210","565.0"
"Jan2014","FD","DMK","HDY","279","46872","168.0","23715","772.0"
"Jan2014","FD","DMK","KBV","248","41664","168.0","19840","666.0"
"Jan2014","FD","DMK","NST","124","20832","168.0","9455","610.0"
"Jan2014","FD","DMK","NAW","31","5208","168.0","2790","838.0"
"Jan2014","FD","DMK","PHS","62","10416","168.0","3410","320.0"
"Jan2014","FD","DMK","HKT","372","62496","168.0","29915","689.0"
"Jan2014","FD","DMK","TST","93","15624","168.0","7905","718.0"
"Jan2014","FD","DMK","UBP","62","10416","168.0","4185","483.0"
"Jan2014","FD","HDY","DMK","279","46872","168.0","23405","772.0"
"Jan2014","FD","HKT","DMK","372","62496","168.0","29915","689.0"
"Jan2014","FD","HKT","UTH","31","5208","168.0","3255","1135.0"
"Jan2014","FD","KBV","DMK","248","41664","168.0","18910","666.0"
"Jan2014","FD","NAW","DMK","31","5208","168.0","2790","838.0"
"Jan2014","FD","NST","DMK","124","20832","168.0","9300","610.0"
"Jan2014","FD","PHS","DMK","62","10416","168.0","3565","320.0"
"Jan2014","FD","TST","DMK","93","15624","168.0","7905","718.0"
"Jan2014","FD","UBP","DMK","62","10416","168.0","4030","483.0"
"Jan2014","FD","UTH","HKT","31","5208","168.0","3410","1135.0"
"Jan2014","K8","CNX","NNT","9","108","12.0","405","192.0"
"Jan2014","K8","NNT","CNX","9","108","12.0","405","192.0"
"Jan2014","PG","BKK","HKT","248","40176","162.0","21080","673.0"
"Jan2014","PG","BKK","THS","62","4340","70.0","4650","377.0"
"Jan2014","PG","BKK","TDX","93","6510","70.0","5580","233.0"
"Jan2014","PG","HKT","BKK","248","40176","162.0","21080","673.0"
"Jan2014","PG","HKT","USM","155","10850","70.0","8525","249.0"
"Jan2014","PG","HKT","UTP","31","2170","70.0","3100","586.0"
"Jan2014","PG","KBV","USM","31","2170","70.0","1550","200.0"
"Jan2014","PG","TDX","BKK","93","6510","70.0","5580","233.0"
"Jan2014","PG","THS","BKK","62","4340","70.0","4650","377.0"
"Jan2014","PG","USM","CNX","31","4464","144.0","3410","1027.0"
"Jan2014","PG","USM","KBV","31","2170","70.0","1705","200.0"
"Jan2014","PG","USM","HKT","155","10850","70.0","9300","249.0"
"Jan2014","PG","USM","UTP","31","2170","70.0","2325","360.0"
"Jan2014","PG","UTP","USM","31","2170","70.0","2170","360.0"
"Jan2014","PG","UTP","HKT","31","2170","70.0","3100","586.0"
"Jan2014","TG","BKK","USM","62","9238","149.0","4030","465.0"
"Jan2014","TG","USM","BKK","62","9238","149.0","4030","465.0"
"Feb2014","DD","BFV","DMK","28","952","34.0","1820","296.0"
"Feb2014","DD","CJM","DMK","56","1904","34.0","3920","380.0"
"Feb2014","DD","DMK","BFV","28","952","34.0","1820","296.0"
"Feb2014","DD","DMK","CJM","56","1904","34.0","3920","380.0"
"Feb2014","DD","DMK","KBV","56","10584","189.0","4340","666.0"
"Feb2014","DD","DMK","LOE","56.0","2800.0","50.0","4200.0","410.0"
"Feb2014","DD","DMK","KOP","28","5292","189.0","1960","579.0"
"Feb2014","DD","DMK","NST","168","31752","189.0","11340","610.0"
"Feb2014","DD","DMK","PRH","28","952","34.0","2380","470.0"
"Feb2014","DD","DMK","UNN","56","3696","66.0","5320","497.0"
"Feb2014","DD","DMK","ROI","56.0","2800.0","50.0","4200.0","418.0"
"Feb2014","DD","DMK","URT","140","26460","189.0","9520","552.0"
"Feb2014","DD","DMK","TST","84","15876","189.0","6720","718.0"
"Feb2014","DD","KBV","DMK","56","10584","189.0","4480","666.0"
"Feb2014","DD","KOP","DMK","28","5292","189.0","1960","579.0"
"Feb2014","DD","LOE","DMK","56.0","2800.0","50.0","4200.0","410.0"
"Feb2014","DD","NST","DMK","168","31752","189.0","11620","610.0"
"Feb2014","DD","PRH","DMK","28","952","34.0","2380","470.0"
"Feb2014","DD","ROI","DMK","56.0","2800.0","50.0","4200.0","418.0"
"Feb2014","DD","TST","DMK","84","15876","189.0","6720","718.0"
"Feb2014","DD","UNN","DMK","56","3696","66.0","5320","497.0"
"Feb2014","DD","URT","DMK","140","26460","189.0","9800","552.0"
"Feb2014","FD","CEI","DMK","140","23520","168.0","10920","666.0"
"Feb2014","FD","CNX","DMK","336","56448","168.0","25620","565.0"
"Feb2014","FD","DMK","CNX","336","56448","168.0","25340","565.0"
"Feb2014","FD","DMK","CEI","140","23520","168.0","11060","666.0"
"Feb2014","FD","DMK","HDY","252","42336","168.0","21420","772.0"
"Feb2014","FD","DMK","KBV","224","37632","168.0","17920","666.0"
"Feb2014","FD","DMK","NST","112","18816","168.0","8540","610.0"
"Feb2014","FD","DMK","NAW","28","4704","168.0","2520","838.0"
"Feb2014","FD","DMK","PHS","56","9408","168.0","3080","320.0"
"Feb2014","FD","DMK","HKT","336","56448","168.0","27020","689.0"
"Feb2014","FD","DMK","TST","84","14112","168.0","7140","718.0"
"Feb2014","FD","DMK","UBP","56","9408","168.0","3780","483.0"
"Feb2014","FD","HDY","DMK","252","42336","168.0","21140","772.0"
"Feb2014","FD","HKT","DMK","336","56448","168.0","27020","689.0"
"Feb2014","FD","HKT","UTH","28","4704","168.0","2940","1135.0"
"Feb2014","FD","KBV","DMK","224","37632","168.0","17080","666.0"
"Feb2014","FD","NAW","DMK","28","4704","168.0","2520","838.0"
"Feb2014","FD","NST","DMK","112","18816","168.0","8400","610.0"
"Feb2014","FD","PHS","DMK","56","9408","168.0","3220","320.0"
"Feb2014","FD","TST","DMK","84","14112","168.0","7140","718.0"
"Feb2014","FD","UBP","DMK","56","9408","168.0","3640","483.0"
"Feb2014","FD","UTH","HKT","28","4704","168.0","3080","1135.0"
"Feb2014","K8","CNX","NNT","8","96","12.0","360","192.0"
"Feb2014","K8","CNX","PHS","16","192","12.0","960","259.0"
"Feb2014","K8","NNT","CNX","8","96","12.0","360","192.0"
"Feb2014","K8","PHS","CNX","16","192","12.0","960","259.0"
"Feb2014","PG","BKK","LPT","84","5880","70.0","7560","497.0"
"Feb2014","PG","BKK","HKT","224.0","36090.0","161.11607142857142","19040.0","673.0"
"Feb2014","PG","BKK","THS","56","3920","70.0","4200","377.0"
"Feb2014","PG","BKK","TDX","84","5880","70.0","5040","233.0"
"Feb2014","PG","CNX","USM","28","4032","144.0","2940","1027.0"
"Feb2014","PG","HKT","BKK","224.0","36090.0","161.11607142857142","19040.0","673.0"
"Feb2014","PG","HKT","USM","140","9800","70.0","7700","249.0"
"Feb2014","PG","HKT","UTP","28","1960","70.0","2800","586.0"
"Feb2014","PG","KBV","USM","28","1960","70.0","1400","200.0"
"Feb2014","PG","LPT","BKK","84","5880","70.0","7560","497.0"
"Feb2014","PG","TDX","BKK","84","5880","70.0","5040","233.0"
"Feb2014","PG","THS","BKK","56","3920","70.0","4200","377.0"
"Feb2014","PG","USM","CNX","28","4032","144.0","3080","1027.0"
"Feb2014","PG","USM","KBV","28","1960","70.0","1540","200.0"
"Feb2014","PG","USM","HKT","140","9800","70.0","8400","249.0"
"Feb2014","PG","USM","UTP","28","1960","70.0","2100","360.0"
"Feb2014","PG","UTP","USM","28","1960","70.0","1960","360.0"
"Feb2014","PG","UTP","HKT","28","1960","70.0","2800","586.0"
"Feb2014","TG","BKK","USM","56","8344","149.0","3640","465.0"
"Feb2014","TG","USM","BKK","56","8344","149.0","3640","465.0"
"Mar2014","DD","DMK","KOP","31","5859","189.0","2170","579.0"
"Mar2014","DD","DMK","NST","186","35154","189.0","12650","610.0"
"Mar2014","DD","DMK","PRH","31.0","1086.0","35.03225806451613","2630.0","470.0"
"Mar2014","DD","DMK","URT","155","29295","189.0","10560","552.0"
"Mar2014","DD","KOP","DMK","31","5859","189.0","2170","579.0"
"Mar2014","DD","NST","DMK","186","35154","189.0","12875","610.0"
"Mar2014","DD","PRH","DMK","31.0","1086.0","35.03225806451613","2630.0","470.0"
"Mar2014","DD","URT","DMK","155","29295","189.0","10850","552.0"
"Mar2014","FD","CEI","DMK","155","26040","168.0","12090","666.0"
"Mar2014","FD","CNX","DMK","372","62496","168.0","28345","565.0"
"Mar2014","FD","DMK","CNX","372","62496","168.0","28015","565.0"
"Mar2014","FD","DMK","CEI","155","26040","168.0","12245","666.0"
"Mar2014","FD","DMK","HDY","279","46872","168.0","23645","772.0"
"Mar2014","FD","DMK","KBV","248","41664","168.0","19790","666.0"
"Mar2014","FD","DMK","NST","124","20832","168.0","9415","610.0"
"Mar2014","FD","DMK","NAW","31","5208","168.0","2790","838.0"
"Mar2014","FD","DMK","PHS","62","10416","168.0","3410","320.0"
"Mar2014","FD","DMK","TST","93","15624","168.0","7895","718.0"
"Mar2014","FD","DMK","UBP","62","10416","168.0","4165","483.0"
"Mar2014","FD","HDY","DMK","279","46872","168.0","23485","772.0"
"Mar2014","FD","HKT","UTH","31","5208","168.0","3245","1135.0"
"Mar2014","FD","KBV","DMK","248","41664","168.0","18960","666.0"
"Mar2014","FD","NAW","DMK","31","5208","168.0","2790","838.0"
"Mar2014","FD","NST","DMK","124","20832","168.0","9290","610.0"
"Mar2014","FD","PHS","DMK","62","10416","168.0","3555","320.0"
"Mar2014","FD","TST","DMK","93","15624","168.0","7875","718.0"
"Mar2014","FD","UBP","DMK","62","10416","168.0","4030","483.0"
"Mar2014","FD","UTH","HKT","31","5208","168.0","3410","1135.0"
"Mar2014","K8","CNX","NNT","9","108","12.0","405","192.0"
"Mar2014","K8","CNX","PHS","18","216","12.0","1080","259.0"
"Mar2014","K8","NNT","CNX","9","108","12.0","405","192.0"
"Mar2014","K8","PHS","CNX","18","216","12.0","1080","259.0"
"Mar2014","PG","BKK","LPT","93","6510","70.0","8370","497.0"
"Mar2014","PG","BKK","HKT","248.0","39654.0","159.8951612903226","21080.0","673.0"
"Mar2014","PG","BKK","THS","62","4340","70.0","4650","377.0"
"Mar2014","PG","BKK","TDX","93","6510","70.0","5580","233.0"
"Mar2014","PG","CNX","USM","31","4464","144.0","3255","1027.0"
"Mar2014","PG","HKT","BKK","248.0","39654.0","159.8951612903226","21080.0","673.0"
"Mar2014","PG","HKT","UTP","31","2170","70.0","3090","586.0"
"Mar2014","PG","KBV","USM","31","2170","70.0","1550","200.0"
"Mar2014","PG","LPT","BKK","93","6510","70.0","8370","497.0"
"Mar2014","PG","TDX","BKK","93","6510","70.0","5580","233.0"
"Mar2014","PG","THS","BKK","62","4340","70.0","4650","377.0"
"Mar2014","PG","USM","CNX","31","4464","144.0","3410","1027.0"
"Mar2014","PG","USM","KBV","31","2170","70.0","1705","200.0"
"Mar2014","PG","USM","UTP","31","2170","70.0","2335","360.0"
"Mar2014","PG","UTP","USM","31","2170","70.0","2170","360.0"
"Mar2014","PG","UTP","HKT","31","2170","70.0","3100","586.0"
"Mar2014","TG","BKK","USM","62","9238","149.0","4030","465.0"
"Mar2014","TG","USM","BKK","62","9238","149.0","4030","465.0"
"Apr2014","DD","CNX","DMK","240","45360","189.0","15600","565.0"
"Apr2014","DD","CNX","UTH","30","5670","189.0","1800","433.0"
"Apr2014","DD","DMK","CNX","240","45360","189.0","16800","565.0"
"Apr2014","DD","DMK","KBV","90","17010","189.0","7200","666.0"
"Apr2014","DD","DMK","KOP","30","5670","189.0","2100","579.0"
"Apr2014","DD","DMK","NST","180","34020","189.0","12600","610.0"
"Apr2014","DD","DMK","PHS","90","17010","189.0","4500","320.0"
"Apr2014","DD","DMK","HKT","150","28350","189.0","12000","689.0"
"Apr2014","DD","DMK","URT","150","28350","189.0","10500","552.0"
"Apr2014","DD","HKT","DMK","150","28350","189.0","12000","689.0"
"Apr2014","DD","KBV","DMK","90","17010","189.0","7200","666.0"
"Apr2014","DD","KOP","DMK","30","5670","189.0","2100","579.0"
"Apr2014","DD","NST","DMK","180","34020","189.0","12600","610.0"
"Apr2014","DD","PHS","DMK","90","17010","189.0","4500","320.0"
"Apr2014","DD","URT","DMK","150","28350","189.0","10500","552.0"
"Apr2014","DD","UTH","CNX","30","5670","189.0","1800","433.0"
"Apr2014","FD","CEI","DMK","150","25200","168.0","11870","666.0"
"Apr2014","FD","DMK","CEI","150","25200","168.0","11850","666.0"
"Apr2014","FD","DMK","NST","120","20160","168.0","8550","610.0"
"Apr2014","FD","DMK","NAW","30","5040","168.0","2700","838.0"
"Apr2014","FD","DMK","PHS","60","10080","168.0","3300","320.0"
"Apr2014","FD","DMK","UBP","60","10080","168.0","3750","483.0"
"Apr2014","FD","HKT","UTH","30","5040","168.0","3085","1135.0"
"Apr2014","FD","NAW","DMK","30","5040","168.0","2700","838.0"
"Apr2014","FD","NST","DMK","120","20160","168.0","8935","610.0"
"Apr2014","FD","PHS","DMK","60","10080","168.0","3300","320.0"
"Apr2014","FD","UBP","DMK","60","10080","168.0","3900","483.0"
"Apr2014","FD","UTH","HKT","30","5040","168.0","3215","1135.0"
"Apr2014","K8","CNX","HGN","90","1080","12.0","3150","119.0"
"Apr2014","K8","CNX","NNT","8","96","12.0","360","192.0"
"Apr2014","K8","CNX","PYY","12","144","12.0","300","87.0"
"Apr2014","K8","CNX","PHS","17","204","12.0","1020","259.0"
"Apr2014","K8","HGN","CNX","90","1080","12.0","2850","119.0"
"Apr2014","K8","NNT","CNX","8","96","12.0","360","192.0"
"Apr2014","K8","PHS","CNX","17","204","12.0","1020","259.0"
"Apr2014","K8","PYY","CNX","12","144","12.0","300","87.0"
"Apr2014","PG","BKK","CEI","60","9720","162.0","4800","666.0"
"Apr2014","PG","BKK","LPT","90","6300","70.0","8100","497.0"
"Apr2014","PG","BKK","THS","60","4200","70.0","4500","377.0"
"Apr2014","PG","BKK","TDX","90","6300","70.0","5400","233.0"
"Apr2014","PG","CEI","BKK","60","9720","162.0","4800","666.0"
"Apr2014","PG","CNX","USM","30","4320","144.0","3150","1027.0"
"Apr2014","PG","HKT","UTP","30","2100","70.0","2850","586.0"
"Apr2014","PG","KBV","USM","30","2100","70.0","1500","200.0"
"Apr2014","PG","LPT","BKK","90","6300","70.0","8100","497.0"
"Apr2014","PG","TDX","BKK","90","6300","70.0","5400","233.0"
"Apr2014","PG","THS","BKK","60","4200","70.0","4500","377.0"
"Apr2014","PG","USM","CNX","30","4320","144.0","3300","1027.0"
"Apr2014","PG","USM","KBV","30","2100","70.0","1650","200.0"
"Apr2014","PG","USM","UTP","30","2100","70.0","2400","360.0"
"Apr2014","PG","UTP","USM","30","2100","70.0","2100","360.0"
"Apr2014","PG","UTP","HKT","30","2100","70.0","3000","586.0"
"Apr2014","TG","BKK","USM","60","8940","149.0","3900","465.0"
"Apr2014","TG","USM","BKK","60","8940","149.0","3900","465.0"
"Apr2014","WE","BKK","KBV","30","4860","162.0","2400","649.0"
"Apr2014","WE","KBV","BKK","30","4860","162.0","2400","649.0"
"May2014","DD","CNX","DMK","248","46872","189.0","16120","565.0"
"May2014","DD","CNX","UTH","31","5859","189.0","1860","433.0"
"May2014","DD","DMK","CNX","248","46872","189.0","17360","565.0"
"May2014","DD","DMK","KBV","93","17577","189.0","7440","666.0"
"May2014","DD","DMK","KOP","31","5859","189.0","2170","579.0"
"May2014","DD","DMK","NST","186","35154","189.0","13020","610.0"
"May2014","DD","DMK","PHS","93","17577","189.0","4650","320.0"
"May2014","DD","DMK","HKT","155","29295","189.0","12400","689.0"
"May2014","DD","DMK","URT","155","29295","189.0","10850","552.0"
"May2014","DD","HKT","DMK","155","29295","189.0","12400","689.0"
"May2014","DD","KBV","DMK","93","17577","189.0","7440","666.0"
"May2014","DD","KOP","DMK","31","5859","189.0","2170","579.0"
"May2014","DD","NST","DMK","186","35154","189.0","13020","610.0"
"May2014","DD","PHS","DMK","93","17577","189.0","4650","320.0"
"May2014","DD","URT","DMK","155","29295","189.0","10850","552.0"
"May2014","DD","UTH","CNX","31","5859","189.0","1860","433.0"
"May2014","FD","CNX","HDY","31","5208","168.0","3720","1320.0"
"May2014","FD","DMK","KBV","186","31248","168.0","13950","666.0"
"May2014","FD","DMK","NST","124","20832","168.0","8835","610.0"
"May2014","FD","DMK","NAW","31","5208","168.0","2790","838.0"
"May2014","FD","DMK","PHS","62","10416","168.0","3410","320.0"
"May2014","FD","DMK","TST","62","10416","168.0","4650","718.0"
"May2014","FD","DMK","UBP","62","10416","168.0","3875","483.0"
"May2014","FD","DMK","UTH","62","10416","168.0","3720","451.0"
"May2014","FD","HDY","CNX","31","5208","168.0","3875","1320.0"
"May2014","FD","HKT","UTH","31","5208","168.0","3255","1135.0"
"May2014","FD","KBV","DMK","186","31248","168.0","14415","666.0"
"May2014","FD","NAW","DMK","31","5208","168.0","2790","838.0"
"May2014","FD","NST","DMK","124","20832","168.0","9300","610.0"
"May2014","FD","PHS","DMK","62","10416","168.0","3410","320.0"
"May2014","FD","TST","DMK","62","10416","168.0","4650","718.0"
"May2014","FD","UBP","DMK","62","10416","168.0","4030","483.0"
"May2014","FD","UTH","DMK","62","10416","168.0","3720","451.0"
"May2014","FD","UTH","HKT","31","5208","168.0","3255","1135.0"
"May2014","K8","CNX","HGN","93","1116","12.0","3255","119.0"
"May2014","K8","HGN","CNX","93","1116","12.0","2945","119.0"
"May2014","PG","BKK","CEI","62","10044","162.0","4960","666.0"
"May2014","PG","BKK","LPT","93","6510","70.0","8370","497.0"
"May2014","PG","BKK","HKT","248.0","40134.0","161.83064516129033","21080.0","673.0"
"May2014","PG","BKK","THS","62","4340","70.0","4650","377.0"
"May2014","PG","BKK","TDX","93","6510","70.0","5580","233.0"
"May2014","PG","CEI","BKK","62","10044","162.0","4960","666.0"
"May2014","PG","CNX","USM","31","4464","144.0","3255","1027.0"
"May2014","PG","HKT","BKK","248.0","40134.0","161.83064516129033","21080.0","673.0"
"May2014","PG","HKT","UTP","31","2170","70.0","2945","586.0"
"May2014","PG","KBV","USM","31","2170","70.0","1550","200.0"
"May2014","PG","LPT","BKK","93","6510","70.0","8370","497.0"
"May2014","PG","TDX","BKK","93","6510","70.0","5580","233.0"
"May2014","PG","THS","BKK","62","4340","70.0","4650","377.0"
"May2014","PG","USM","CNX","31","4464","144.0","3410","1027.0"
"May2014","PG","USM","KBV","31","2170","70.0","1705","200.0"
"May2014","PG","USM","UTP","31","2170","70.0","2480","360.0"
"May2014","PG","UTP","USM","31","2170","70.0","2170","360.0"
"May2014","PG","UTP","HKT","31","2170","70.0","3100","586.0"
"May2014","TG","BKK","USM","62","9238","149.0","4030","465.0"
"May2014","TG","USM","BKK","62","9238","149.0","4030","465.0"
"May2014","WE","BKK","URT","62","10044","162.0","4650","536.0"
"May2014","WE","BKK","UTH","124","20088","162.0","8060","451.0"
"May2014","WE","CNX","HKT","31","5208","168.0","3565","1181.0"
"May2014","WE","URT","BKK","62","10044","162.0","4340","536.0"
"May2014","WE","UTH","BKK","124","20088","162.0","7440","451.0"
"Jun2014","DD","CNX","UTH","30","5670","189.0","1800","433.0"
"Jun2014","DD","DMK","KOP","30","5670","189.0","2100","579.0"
"Jun2014","DD","DMK","PHS","90","17010","189.0","4500","320.0"
"Jun2014","DD","KOP","DMK","30","5670","189.0","2095","579.0"
"Jun2014","DD","PHS","DMK","90","17010","189.0","4500","320.0"
"Jun2014","DD","UTH","CNX","30","5670","189.0","1800","433.0"
"Jun2014","FD","CNX","HDY","30","5400","180.0","3600","1320.0"
"Jun2014","FD","DMK","NAW","30","5400","180.0","2700","838.0"
"Jun2014","FD","DMK","PHS","60","10800","180.0","3300","320.0"
"Jun2014","FD","DMK","TST","60","10800","180.0","4500","718.0"
"Jun2014","FD","DMK","UBP","60","10800","180.0","3750","483.0"
"Jun2014","FD","DMK","UTH","60","10800","180.0","3600","451.0"
"Jun2014","FD","HDY","CNX","30","5400","180.0","3750","1320.0"
"Jun2014","FD","HKT","UTH","30","5400","180.0","3150","1135.0"
"Jun2014","FD","NAW","DMK","30","5400","180.0","2700","838.0"
"Jun2014","FD","PHS","DMK","60","10800","180.0","3300","320.0"
"Jun2014","FD","TST","DMK","60","10800","180.0","4500","718.0"
"Jun2014","FD","UBP","DMK","60","10800","180.0","3900","483.0"
"Jun2014","FD","UTH","DMK","60","10800","180.0","3600","451.0"
"Jun2014","FD","UTH","HKT","30","5400","180.0","3150","1135.0"
"Jun2014","K8","CNX","HGN","90","1080","12.0","3150","119.0"
"Jun2014","K8","HGN","CNX","90","1080","12.0","2850","119.0"
"Jun2014","PG","BKK","CEI","60.0","9678.0","161.3","4800.0","666.0"
"Jun2014","PG","BKK","LPT","90","6300","70.0","8100","497.0"
"Jun2014","PG","BKK","HKT","240","38880","162.0","20400","673.0"
"Jun2014","PG","BKK","THS","60","4200","70.0","4500","377.0"
"Jun2014","PG","BKK","TDX","90","6300","70.0","5400","233.0"
"Jun2014","PG","CEI","BKK","60.0","9678.0","161.3","4800.0","666.0"
"Jun2014","PG","CNX","USM","30","4320","144.0","3150","1027.0"
"Jun2014","PG","HKT","BKK","240","38880","162.0","20400","673.0"
"Jun2014","PG","HKT","UTP","30","2100","70.0","2850","586.0"
"Jun2014","PG","KBV","USM","30","2100","70.0","1500","200.0"
"Jun2014","PG","LPT","BKK","90","6300","70.0","8100","497.0"
"Jun2014","PG","TDX","BKK","90","6300","70.0","5400","233.0"
"Jun2014","PG","THS","BKK","60","4200","70.0","4500","377.0"
"Jun2014","PG","USM","CNX","30","4320","144.0","3300","1027.0"
"Jun2014","PG","USM","KBV","30","2100","70.0","1650","200.0"
"Jun2014","PG","USM","UTP","30","2100","70.0","2400","360.0"
"Jun2014","PG","UTP","USM","30","2100","70.0","2100","360.0"
"Jun2014","PG","UTP","HKT","30","2100","70.0","3000","586.0"
"Jun2014","TG","BKK","USM","60","8940","149.0","3900","465.0"
"Jun2014","TG","USM","BKK","60","8940","149.0","3900","465.0"
"Jun2014","WE","BKK","KKC","90","14580","162.0","4950","367.0"
"Jun2014","WE","BKK","URT","60","9720","162.0","4500","536.0"
"Jun2014","WE","CNX","HKT","30","5040","168.0","3450","1181.0"
"Jun2014","WE","KKC","BKK","90","14580","162.0","4950","367.0"
"Jun2014","WE","URT","BKK","60","9720","162.0","4200","536.0"
"Jul2014","DD","CEI","DMK","124","23436","189.0","9300","666.0"
"Jul2014","DD","CNX","UTH","31","5859","189.0","1860","433.0"
"Jul2014","DD","DMK","CEI","124","23436","189.0","9300","666.0"
"Jul2014","DD","DMK","HDY","217","41013","189.0","18290","772.0"
"Jul2014","DD","DMK","KOP","31","5859","189.0","2170","579.0"
"Jul2014","DD","DMK","PHS","93","17577","189.0","4650","320.0"
"Jul2014","DD","DMK","URT","155","29295","189.0","10850","552.0"
"Jul2014","DD","HDY","DMK","217","41013","189.0","18445","772.0"
"Jul2014","DD","KOP","DMK","31","5859","189.0","2015","579.0"
"Jul2014","DD","PHS","DMK","93","17577","189.0","4650","320.0"
"Jul2014","DD","URT","DMK","155","29295","189.0","10850","552.0"
"Jul2014","DD","UTH","CNX","31","5859","189.0","1860","433.0"
"Jul2014","FD","CNX","HDY","31","5580","180.0","3720","1320.0"
"Jul2014","FD","DMK","NST","124","22320","180.0","8835","610.0"
"Jul2014","FD","DMK","NAW","31","5580","180.0","2790","838.0"
"Jul2014","FD","DMK","PHS","62","11160","180.0","3410","320.0"
"Jul2014","FD","DMK","URT","155","27900","180.0","10695","552.0"
"Jul2014","FD","DMK","TST","62","11160","180.0","4805","718.0"
"Jul2014","FD","DMK","UBP","62","11160","180.0","3875","483.0"
"Jul2014","FD","DMK","UTH","62","11160","180.0","3720","451.0"
"Jul2014","FD","HDY","CNX","31","5580","180.0","3875","1320.0"
"Jul2014","FD","HKT","UTH","31","5580","180.0","3255","1135.0"
"Jul2014","FD","NAW","DMK","31","5580","180.0","2790","838.0"
"Jul2014","FD","NST","DMK","124","22320","180.0","9300","610.0"
"Jul2014","FD","PHS","DMK","62","11160","180.0","3410","320.0"
"Jul2014","FD","TST","DMK","62","11160","180.0","4805","718.0"
"Jul2014","FD","UBP","DMK","62","11160","180.0","4030","483.0"
"Jul2014","FD","URT","DMK","155","27900","180.0","10695","552.0"
"Jul2014","FD","UTH","DMK","62","11160","180.0","3720","451.0"
"Jul2014","FD","UTH","HKT","31","5580","180.0","3255","1135.0"
"Jul2014","K8","CEI","CNX","2","24","12.0","70","153.0"
"Jul2014","K8","CNX","CEI","2","24","12.0","70","153.0"
"Jul2014","PG","BKK","LPT","93","6510","70.0","8370","497.0"
"Jul2014","PG","BKK","THS","62","4340","70.0","4650","377.0"
"Jul2014","PG","BKK","UTH","62.0","8994.0","145.06451612903226","4030.0","451.0"
"Jul2014","PG","HKT","UTP","31","2170","70.0","2945","586.0"
"Jul2014","PG","KBV","USM","31","2170","70.0","1550","200.0"
"Jul2014","PG","LPT","BKK","93","6510","70.0","8370","497.0"
"Jul2014","PG","THS","BKK","62","4340","70.0","4650","377.0"
"Jul2014","PG","USM","CNX","31","4464","144.0","3410","1027.0"
"Jul2014","PG","USM","KBV","31","2170","70.0","1705","200.0"
"Jul2014","PG","USM","UTP","31","2170","70.0","2480","360.0"
"Jul2014","PG","UTH","BKK","62.0","8994.0","145.06451612903226","4030.0","451.0"
"Jul2014","PG","UTP","USM","31","2170","70.0","2170","360.0"
"Jul2014","PG","UTP","HKT","31","2170","70.0","3100","586.0"
"Jul2014","TG","BKK","USM","62","9238","149.0","4030","465.0"
"Jul2014","TG","USM","BKK","62","9238","149.0","4030","465.0"
"Jul2014","WE","BKK","HDY","155","25110","162.0","13485","750.0"
"Jul2014","WE","BKK","KKC","93","15066","162.0","5115","367.0"
"Jul2014","WE","BKK","KBV","31","5022","162.0","2480","649.0"
"Jul2014","WE","BKK","URT","62","10044","162.0","4650","536.0"
"Jul2014","WE","CNX","HKT","31","5208","168.0","3565","1181.0"
"Jul2014","WE","HDY","BKK","155","25110","162.0","13175","750.0"
"Jul2014","WE","KBV","BKK","31","5022","162.0","2480","649.0"
"Jul2014","WE","KKC","BKK","93","15066","162.0","5115","367.0"
"Jul2014","WE","URT","BKK","62","10044","162.0","4340","536.0"
"Aug2014","DD","CEI","DMK","124","23436","189.0","9300","666.0"
"Aug2014","DD","CNX","UTH","31","5859","189.0","1860","433.0"
"Aug2014","DD","DMK","CEI","124","23436","189.0","9300","666.0"
"Aug2014","DD","DMK","HDY","217","41013","189.0","18290","772.0"
"Aug2014","DD","DMK","KOP","31","5859","189.0","2170","579.0"
"Aug2014","DD","DMK","PHS","93","17577","189.0","4650","320.0"
"Aug2014","DD","DMK","URT","155","29295","189.0","10850","552.0"
"Aug2014","DD","DMK","UBP","217","41013","189.0","14260","483.0"
"Aug2014","DD","HDY","DMK","217","41013","189.0","18445","772.0"
"Aug2014","DD","KOP","DMK","31","5859","189.0","2015","579.0"
"Aug2014","DD","PHS","DMK","93","17577","189.0","4650","320.0"
"Aug2014","DD","UBP","DMK","217","41013","189.0","13330","483.0"
"Aug2014","DD","URT","DMK","155","29295","189.0","10850","552.0"
"Aug2014","DD","UTH","CNX","31","5859","189.0","1860","433.0"
"Aug2014","FD","CNX","HDY","31","5580","180.0","3720","1320.0"
"Aug2014","FD","CNX","HKT","93","16740","180.0","11470","1181.0"
"Aug2014","FD","DMK","KKC","124","22320","180.0","6665","367.0"
"Aug2014","FD","DMK","NST","124","22320","180.0","8835","610.0"
"Aug2014","FD","DMK","NAW","31","5580","180.0","2790","838.0"
"Aug2014","FD","DMK","PHS","62","11160","180.0","3410","320.0"
"Aug2014","FD","DMK","URT","155","27900","180.0","10695","552.0"
"Aug2014","FD","DMK","TST","62","11160","180.0","4805","718.0"
"Aug2014","FD","DMK","UBP","62","11160","180.0","3875","483.0"
"Aug2014","FD","DMK","UTH","62","11160","180.0","3720","451.0"
"Aug2014","FD","HDY","CNX","31","5580","180.0","3875","1320.0"
"Aug2014","FD","HKT","CNX","93","16740","180.0","11315","1181.0"
"Aug2014","FD","HKT","UTH","31","5580","180.0","3255","1135.0"
"Aug2014","FD","KKC","DMK","124","22320","180.0","6665","367.0"
"Aug2014","FD","NAW","DMK","31","5580","180.0","2790","838.0"
"Aug2014","FD","NST","DMK","124","22320","180.0","9300","610.0"
"Aug2014","FD","PHS","DMK","62","11160","180.0","3410","320.0"
"Aug2014","FD","TST","DMK","62","11160","180.0","4805","718.0"
"Aug2014","FD","UBP","DMK","62","11160","180.0","4030","483.0"
"Aug2014","FD","URT","DMK","155","27900","180.0","10695","552.0"
"Aug2014","FD","UTH","DMK","62","11160","180.0","3720","451.0"
"Aug2014","FD","UTH","HKT","31","5580","180.0","3255","1135.0"
"Aug2014","K8","CNX","PHS","18","216","12.0","1080","259.0"
"Aug2014","K8","PHS","CNX","18","216","12.0","1080","259.0"
"Aug2014","PG","BKK","KBV","93","15066","162.0","7905","649.0"
"Aug2014","PG","BKK","LPT","93","6510","70.0","8370","497.0"
"Aug2014","PG","BKK","THS","62","4340","70.0","4650","377.0"
"Aug2014","PG","HKT","UTP","31","2170","70.0","2945","586.0"
"Aug2014","PG","KBV","USM","31","2170","70.0","1550","200.0"
"Aug2014","PG","LPT","BKK","93","6510","70.0","8370","497.0"
"Aug2014","PG","THS","BKK","62","4340","70.0","4650","377.0"
"Aug2014","PG","USM","CNX","31","4464","144.0","3410","1027.0"
"Aug2014","PG","USM","KBV","31","2170","70.0","1705","200.0"
"Aug2014","PG","USM","UTP","31","2170","70.0","2480","360.0"
"Aug2014","PG","UTP","USM","31","2170","70.0","2170","360.0"
"Aug2014","PG","UTP","HKT","31","2170","70.0","3100","586.0"
"Aug2014","TG","BKK","USM","62","9238","149.0","4030","465.0"
"Aug2014","TG","USM","BKK","62","9238","149.0","4030","465.0"
"Aug2014","WE","BKK","CEI","93","15066","162.0","7440","666.0"
"Aug2014","WE","BKK","HDY","155.0","25362.0","163.6258064516129","13485.0","750.0"
"Aug2014","WE","BKK","KBV","31","5022","162.0","2480","649.0"
"Aug2014","WE","BKK","URT","62","10044","162.0","4650","536.0"
"Aug2014","WE","CEI","BKK","93","15066","162.0","7440","666.0"
"Aug2014","WE","CNX","HKT","31.0","5082.0","163.93548387096774","3565.0","1181.0"
"Aug2014","WE","HDY","BKK","155.0","25362.0","163.6258064516129","13175.0","750.0"
"Aug2014","WE","KBV","BKK","31","5022","162.0","2480","649.0"
"Aug2014","WE","URT","BKK","62","10044","162.0","4340","536.0"
"Sep2014","DD","CEI","DMK","120","22680","189.0","9000","666.0"
"Sep2014","DD","CJM","DMK","60","3960","66.0","4200","380.0"
"Sep2014","DD","CNX","UTH","30","5670","189.0","1800","433.0"
"Sep2014","DD","DMK","CEI","120","22680","189.0","9000","666.0"
"Sep2014","DD","DMK","CJM","60","3960","66.0","4050","380.0"
"Sep2014","DD","DMK","HDY","210","39690","189.0","17700","772.0"
"Sep2014","DD","DMK","KOP","30","5670","189.0","2100","579.0"
"Sep2014","DD","DMK","PHS","90","17010","189.0","4500","320.0"
"Sep2014","DD","DMK","URT","150","28350","189.0","10500","552.0"
"Sep2014","DD","DMK","UBP","210","39690","189.0","13800","483.0"
"Sep2014","DD","HDY","DMK","210","39690","189.0","17850","772.0"
"Sep2014","DD","KOP","DMK","30","5670","189.0","1950","579.0"
"Sep2014","DD","PHS","DMK","90","17010","189.0","4500","320.0"
"Sep2014","DD","UBP","DMK","210","39690","189.0","12900","483.0"
"Sep2014","DD","URT","DMK","150","28350","189.0","10500","552.0"
"Sep2014","DD","UTH","CNX","30","5670","189.0","1800","433.0"
"Sep2014","FD","CNX","HDY","30","5400","180.0","3600","1320.0"
"Sep2014","FD","CNX","HKT","90","16200","180.0","11100","1181.0"
"Sep2014","FD","DMK","KKC","120","21600","180.0","6450","367.0"
"Sep2014","FD","DMK","NST","120","21600","180.0","8550","610.0"
"Sep2014","FD","DMK","NAW","30","5400","180.0","2700","838.0"
"Sep2014","FD","DMK","PHS","60","10800","180.0","3300","320.0"
"Sep2014","FD","DMK","URT","150","27000","180.0","10350","552.0"
"Sep2014","FD","DMK","TST","60","10800","180.0","4650","718.0"
"Sep2014","FD","DMK","UBP","60","10800","180.0","3750","483.0"
"Sep2014","FD","DMK","UTH","60","10800","180.0","3600","451.0"
"Sep2014","FD","HDY","CNX","30","5400","180.0","3750","1320.0"
"Sep2014","FD","HKT","CNX","90","16200","180.0","10950","1181.0"
"Sep2014","FD","HKT","UTH","30","5400","180.0","3150","1135.0"
"Sep2014","FD","KKC","DMK","120","21600","180.0","6450","367.0"
"Sep2014","FD","NAW","DMK","30","5400","180.0","2700","838.0"
"Sep2014","FD","NST","DMK","120","21600","180.0","9000","610.0"
"Sep2014","FD","PHS","DMK","60","10800","180.0","3300","320.0"
"Sep2014","FD","TST","DMK","60","10800","180.0","4650","718.0"
"Sep2014","FD","UBP","DMK","60","10800","180.0","3900","483.0"
"Sep2014","FD","URT","DMK","150","27000","180.0","10350","552.0"
"Sep2014","FD","UTH","DMK","60","10800","180.0","3600","451.0"
"Sep2014","FD","UTH","HKT","30","5400","180.0","3150","1135.0"
"Sep2014","K8","CNX","NNT","8","96","12.0","360","192.0"
"Sep2014","K8","CNX","PYY","12","144","12.0","300","87.0"
"Sep2014","K8","CNX","PHS","17","204","12.0","1020","259.0"
"Sep2014","K8","NNT","CNX","8","96","12.0","360","192.0"
"Sep2014","K8","PHS","CNX","17","204","12.0","1020","259.0"
"Sep2014","K8","PYY","CNX","12","144","12.0","300","87.0"
"Sep2014","PG","BKK","CEI","60.0","9672.0","161.2","4800.0","666.0"
"Sep2014","PG","BKK","KBV","90.0","14076.0","156.4","7650.0","649.0"
"Sep2014","PG","BKK","THS","60","4200","70.0","4500","377.0"
"Sep2014","PG","CEI","BKK","60.0","9672.0","161.2","4800.0","666.0"
"Sep2014","PG","CNX","USM","30","4320","144.0","3150","1027.0"
"Sep2014","PG","HKT","USM","150","10500","70.0","8250","249.0"
"Sep2014","PG","HKT","UTP","30","2100","70.0","2850","586.0"
"Sep2014","PG","KBV","BKK","90.0","14076.0","156.4","7650.0","649.0"
"Sep2014","PG","KBV","USM","30","2100","70.0","1500","200.0"
"Sep2014","PG","THS","BKK","60","4200","70.0","4500","377.0"
"Sep2014","PG","USM","CNX","30","4320","144.0","3300","1027.0"
"Sep2014","PG","USM","KBV","30","2100","70.0","1650","200.0"
"Sep2014","PG","USM","HKT","150","10500","70.0","9000","249.0"
"Sep2014","PG","USM","UTP","30","2100","70.0","2400","360.0"
"Sep2014","PG","UTP","USM","30","2100","70.0","2100","360.0"
"Sep2014","PG","UTP","HKT","30","2100","70.0","3000","586.0"
"Sep2014","TG","BKK","USM","60","8940","149.0","3900","465.0"
"Sep2014","TG","USM","BKK","60","8940","149.0","3900","465.0"
"Sep2014","WE","BKK","HDY","150.0","24660.0","164.4","13050.0","750.0"
"Sep2014","WE","BKK","KBV","30","4860","162.0","2400","649.0"
"Sep2014","WE","BKK","URT","60","9720","162.0","4500","536.0"
"Sep2014","WE","CNX","HKT","30","4860","162.0","3450","1181.0"
"Sep2014","WE","DMK","KKC","90","14580","162.0","4950","367.0"
"Sep2014","WE","HDY","BKK","150.0","24660.0","164.4","12750.0","750.0"
"Sep2014","WE","KBV","BKK","30","4860","162.0","2400","649.0"
"Sep2014","WE","KKC","DMK","90","14580","162.0","4950","367.0"
"Sep2014","WE","URT","BKK","60","9720","162.0","4200","536.0"
"Oct2014","DD","CNX","UTH","31","5859","189.0","1830","433.0"
"Oct2014","DD","DMK","UNN","62.0","4712.0","76.0","5640.0","497.0"
"Oct2014","DD","DMK","URT","155","29295","189.0","10730","552.0"
"Oct2014","DD","DMK","TST","93","17577","189.0","7440","718.0"
"Oct2014","DD","DMK","UBP","217","41013","189.0","14230","483.0"
"Oct2014","DD","TST","DMK","93","17577","189.0","7440","718.0"
"Oct2014","DD","UBP","DMK","217","41013","189.0","13270","483.0"
"Oct2014","DD","UNN","DMK","62.0","4712.0","76.0","5765.0","497.0"
"Oct2014","DD","URT","DMK","155","29295","189.0","10790","552.0"
"Oct2014","DD","UTH","CNX","31","5859","189.0","1830","433.0"
"Oct2014","FD","CEI","DMK","155","27900","180.0","12340","666.0"
"Oct2014","FD","CNX","DMK","372","66960","180.0","27615","565.0"
"Oct2014","FD","CNX","HDY","31","5580","180.0","3780","1320.0"
"Oct2014","FD","CNX","KBV","62","11160","180.0","7410","1181.0"
"Oct2014","FD","CNX","HKT","93","16740","180.0","11470","1181.0"
"Oct2014","FD","DMK","CNX","372","66960","180.0","27210","565.0"
"Oct2014","FD","DMK","CEI","155","27900","180.0","12245","666.0"
"Oct2014","FD","DMK","KKC","124","22320","180.0","6635","367.0"
"Oct2014","FD","DMK","NST","124","22320","180.0","8955","610.0"
"Oct2014","FD","DMK","NAW","31","5580","180.0","2790","838.0"
"Oct2014","FD","DMK","PHS","62","11160","180.0","3410","320.0"
"Oct2014","FD","DMK","SNO","62","11160","180.0","4495","521.0"
"Oct2014","FD","DMK","URT","155","27900","180.0","10755","552.0"
"Oct2014","FD","DMK","TST","93","16740","180.0","7530","718.0"
"Oct2014","FD","DMK","UBP","62","11160","180.0","3935","483.0"
"Oct2014","FD","HDY","CNX","31","5580","180.0","3905","1320.0"
"Oct2014","FD","HKT","CNX","93","16740","180.0","11225","1181.0"
"Oct2014","FD","HKT","UTH","31","5580","180.0","3255","1135.0"
"Oct2014","FD","KBV","CNX","62","11160","180.0","6740","1181.0"
"Oct2014","FD","KKC","DMK","124","22320","180.0","6665","367.0"
"Oct2014","FD","NAW","DMK","31","5580","180.0","2790","838.0"
"Oct2014","FD","NST","DMK","124","22320","180.0","9300","610.0"
"Oct2014","FD","PHS","DMK","62","11160","180.0","3440","320.0"
"Oct2014","FD","SNO","DMK","62","11160","180.0","4340","521.0"
"Oct2014","FD","TST","DMK","93","16740","180.0","7405","718.0"
"Oct2014","FD","UBP","DMK","62","11160","180.0","4030","483.0"
"Oct2014","FD","URT","DMK","155","27900","180.0","10815","552.0"
"Oct2014","FD","UTH","HKT","31","5580","180.0","3285","1135.0"
"Oct2014","K8","CNX","NNT","9","108","12.0","405","192.0"
"Oct2014","K8","NNT","CNX","9","108","12.0","405","192.0"
"Oct2014","PG","BKK","THS","62","4340","70.0","4650","377.0"
"Oct2014","PG","CNX","USM","31","4464","144.0","3255","1027.0"
"Oct2014","PG","HKT","UTP","31","2170","70.0","2975","586.0"
"Oct2014","PG","KBV","USM","31","2170","70.0","1550","200.0"
"Oct2014","PG","THS","BKK","62","4340","70.0","4650","377.0"
"Oct2014","PG","USM","CNX","31","4464","144.0","3410","1027.0"
"Oct2014","PG","USM","KBV","31","2170","70.0","1705","200.0"
"Oct2014","PG","USM","UTP","31","2170","70.0","2450","360.0"
"Oct2014","PG","UTP","USM","31","2170","70.0","2170","360.0"
"Oct2014","PG","UTP","HKT","31","2170","70.0","3100","586.0"
"Oct2014","TG","BKK","USM","62","9238","149.0","4030","465.0"
"Oct2014","TG","USM","BKK","62","9238","149.0","4030","465.0"
"Nov2014","DD","CNX","UTH","30","5670","189.0","1650","433.0"
"Nov2014","DD","DMK","NST","180","34020","189.0","12450","610.0"
"Nov2014","DD","DMK","UNN","60.0","4740.0","79.0","5490.0","497.0"
"Nov2014","DD","DMK","URT","150","28350","189.0","9900","552.0"
"Nov2014","DD","DMK","TST","90","17010","189.0","7200","718.0"
"Nov2014","DD","DMK","UBP","210","39690","189.0","13650","483.0"
"Nov2014","DD","NST","DMK","180","34020","189.0","12600","610.0"
"Nov2014","DD","TST","DMK","90","17010","189.0","7095","718.0"
"Nov2014","DD","UBP","DMK","210","39690","189.0","12705","483.0"
"Nov2014","DD","UNN","DMK","60.0","4740.0","79.0","5595.0","497.0"
"Nov2014","DD","URT","DMK","150","28350","189.0","10200","552.0"
"Nov2014","DD","UTH","CNX","30","5670","189.0","1650","433.0"
"Nov2014","FD","CNX","HDY","30","5400","180.0","3200","1320.0"
"Nov2014","FD","CNX","KBV","57","10260","180.0","6830","1181.0"
"Nov2014","FD","CNX","HKT","87","15660","180.0","10725","1181.0"
"Nov2014","FD","CNX","URT","30","5400","180.0","3300","1067.0"
"Nov2014","FD","DMK","CNX","348","62640","180.0","26275","565.0"
"Nov2014","FD","DMK","KKC","120","21600","180.0","6300","367.0"
"Nov2014","FD","DMK","KBV","240","43200","180.0","19480","666.0"
"Nov2014","FD","DMK","NST","120","21600","180.0","9290","610.0"
"Nov2014","FD","DMK","NAW","30","5400","180.0","2700","838.0"
"Nov2014","FD","DMK","PHS","60","10800","180.0","3300","320.0"
"Nov2014","FD","DMK","URT","150","27000","180.0","10790","552.0"
"Nov2014","FD","DMK","TST","90","16200","180.0","7370","718.0"
"Nov2014","FD","DMK","UBP","60","10800","180.0","4050","483.0"
"Nov2014","FD","DMK","UTH","60","10800","180.0","4040","451.0"
"Nov2014","FD","HDY","CNX","30","5400","180.0","3620","1320.0"
"Nov2014","FD","HKT","CNX","87","15660","180.0","10155","1181.0"
"Nov2014","FD","HKT","UTH","30","5400","180.0","3150","1135.0"
"Nov2014","FD","KBV","DMK","240","43200","180.0","18300","666.0"
"Nov2014","FD","KBV","CNX","57","10260","180.0","6415","1181.0"
"Nov2014","FD","KKC","DMK","120","21600","180.0","6170","367.0"
"Nov2014","FD","NAW","DMK","30","5400","180.0","2700","838.0"
"Nov2014","FD","NST","DMK","120","21600","180.0","9140","610.0"
"Nov2014","FD","PHS","DMK","60","10800","180.0","3450","320.0"
"Nov2014","FD","TST","DMK","90","16200","180.0","7370","718.0"
"Nov2014","FD","UBP","DMK","60","10800","180.0","3900","483.0"
"Nov2014","FD","URT","DMK","150","27000","180.0","10670","552.0"
"Nov2014","FD","URT","CNX","30","5400","180.0","3450","1067.0"
"Nov2014","FD","UTH","DMK","60","10800","180.0","3610","451.0"
"Nov2014","FD","UTH","HKT","30","5400","180.0","3300","1135.0"
"Nov2014","K8","CNX","NNT","9","108","12.0","405","192.0"
"Nov2014","K8","NNT","CNX","9","108","12.0","405","192.0"
"Nov2014","PG","BKK","LPT","90","6300","70.0","8100","497.0"
"Nov2014","PG","BKK","TDX","90","6300","70.0","5400","233.0"
"Nov2014","PG","CNX","USM","30","4320","144.0","3150","1027.0"
"Nov2014","PG","CNX","HKT","30","4860","162.0","3750","1181.0"
"Nov2014","PG","HKT","CNX","30","4860","162.0","3900","1181.0"
"Nov2014","PG","HKT","UTP","30","2100","70.0","3000","586.0"
"Nov2014","PG","KBV","USM","30","2100","70.0","1500","200.0"
"Nov2014","PG","LPT","BKK","90","6300","70.0","8100","497.0"
"Nov2014","PG","TDX","BKK","90","6300","70.0","5400","233.0"
"Nov2014","PG","USM","CNX","30","4320","144.0","3300","1027.0"
"Nov2014","PG","USM","KBV","30","2100","70.0","1650","200.0"
"Nov2014","PG","USM","UTP","30","2100","70.0","2250","360.0"
"Nov2014","PG","UTP","USM","30","2100","70.0","2100","360.0"
"Nov2014","PG","UTP","HKT","30","2100","70.0","3000","586.0"
"Nov2014","SL","DMK","HKT","30","6450","215.0","3600","689.0"
"Nov2014","SL","DMK","URT","60","12900","215.0","4350","552.0"
"Nov2014","SL","HKT","DMK","30","6450","215.0","2550","689.0"
"Nov2014","SL","URT","DMK","60","12900","215.0","4200","552.0"
"Nov2014","TG","BKK","USM","60","8940","149.0","3900","465.0"
"Nov2014","TG","USM","BKK","60","8940","149.0","3900","465.0"
"Dec2014","DD","CNX","UTH","31","5859","189.0","1705","433.0"
"Dec2014","DD","DMK","NNT","124.0","10044.0","81.0","11780.0","541.0"
"Dec2014","DD","DMK","UNN","62.0","4712.0","76.0","5580.0","497.0"
"Dec2014","DD","DMK","TST","93","17577","189.0","7440","718.0"
"Dec2014","DD","NNT","DMK","124.0","10044.0","81.0","11780.0","541.0"
"Dec2014","DD","TST","DMK","93","17577","189.0","7285","718.0"
"Dec2014","DD","UNN","DMK","62.0","4712.0","76.0","5735.0","497.0"
"Dec2014","DD","UTH","CNX","31","5859","189.0","1705","433.0"
"Dec2014","FD","CEI","DMK","155","27900","180.0","12090","666.0"
"Dec2014","FD","CNX","HDY","31","5580","180.0","3255","1320.0"
"Dec2014","FD","CNX","URT","31","5580","180.0","3410","1067.0"
"Dec2014","FD","DMK","CEI","155","27900","180.0","12090","666.0"
"Dec2014","FD","DMK","KKC","124","22320","180.0","6510","367.0"
"Dec2014","FD","DMK","KBV","248","44640","180.0","20150","666.0"
"Dec2014","FD","DMK","NST","124","22320","180.0","9610","610.0"
"Dec2014","FD","DMK","NAW","31","5580","180.0","2790","838.0"
"Dec2014","FD","DMK","PHS","62","11160","180.0","3410","320.0"
"Dec2014","FD","DMK","URT","155","27900","180.0","11160","552.0"
"Dec2014","FD","DMK","TST","93","16740","180.0","7595","718.0"
"Dec2014","FD","DMK","UBP","62","11160","180.0","4185","483.0"
"Dec2014","FD","DMK","UTH","62","11160","180.0","4185","451.0"
"Dec2014","FD","HDY","CNX","31","5580","180.0","3720","1320.0"
"Dec2014","FD","HKT","UTH","31","5580","180.0","3255","1135.0"
"Dec2014","FD","KBV","DMK","248","44640","180.0","18910","666.0"
"Dec2014","FD","KKC","DMK","124","22320","180.0","6355","367.0"
"Dec2014","FD","NAW","DMK","31","5580","180.0","2790","838.0"
"Dec2014","FD","NST","DMK","124","22320","180.0","9455","610.0"
"Dec2014","FD","PHS","DMK","62","11160","180.0","3565","320.0"
"Dec2014","FD","TST","DMK","93","16740","180.0","7595","718.0"
"Dec2014","FD","UBP","DMK","62","11160","180.0","4030","483.0"
"Dec2014","FD","URT","DMK","155","27900","180.0","11005","552.0"
"Dec2014","FD","URT","CNX","31","5580","180.0","3565","1067.0"
"Dec2014","FD","UTH","DMK","62","11160","180.0","3720","451.0"
"Dec2014","FD","UTH","HKT","31","5580","180.0","3410","1135.0"
"Dec2014","K8","CNX","NNT","8","96","12.0","360","192.0"
"Dec2014","K8","NNT","CNX","8","96","12.0","360","192.0"
"Dec2014","PG","BKK","KBV","124.0","19944.0","160.83870967741936","10540.0","649.0"
"Dec2014","PG","BKK","THS","62.0","4248.0","68.51612903225806","4650.0","377.0"
"Dec2014","PG","CNX","USM","31","4464","144.0","3255","1027.0"
"Dec2014","PG","CNX","HKT","31","5022","162.0","3875","1181.0"
"Dec2014","PG","HKT","CNX","31","5022","162.0","4030","1181.0"
"Dec2014","PG","HKT","UTP","31","2170","70.0","3100","586.0"
"Dec2014","PG","KBV","BKK","124.0","19920.0","160.6451612903226","10540.0","649.0"
"Dec2014","PG","KBV","USM","31","2170","70.0","1550","200.0"
"Dec2014","PG","THS","BKK","62.0","4248.0","68.51612903225806","4650.0","377.0"
"Dec2014","PG","USM","CNX","31","4464","144.0","3410","1027.0"
"Dec2014","PG","USM","KBV","31","2170","70.0","1705","200.0"
"Dec2014","PG","USM","UTP","31","2170","70.0","2325","360.0"
"Dec2014","PG","UTP","USM","31","2170","70.0","2170","360.0"
"Dec2014","PG","UTP","HKT","31","2170","70.0","3100","586.0"
"Dec2014","TG","BKK","USM","62","9238","149.0","4030","465.0"
"Dec2014","TG","USM","BKK","62","9238","149.0","4030","465.0"
