"Jan2013","DD","BFV","DMK","13","442","34.0","845","296.0"
"Jan2013","DD","CEI","DMK","93","17577","189.0","6975","666.0"
"Jan2013","DD","CJM","DMK","31","1054","34.0","2170","380.0"
"Jan2013","DD","DMK","BFV","13","442","34.0","845","296.0"
"Jan2013","DD","DMK","CEI","93","17577","189.0","6975","666.0"
"Jan2013","DD","DMK","CJM","31","1054","34.0","2170","380.0"
"Jan2013","DD","DMK","HDY","217.0","39773.0","183.28571428571428","18445.0","772.0"
"Jan2013","DD","DMK","LOE","31","2046","66.0","2325","410.0"
"Jan2013","DD","DMK","MAQ","62","2108","34.0","4650","380.0"
"Jan2013","DD","DMK","NST","155.0","27695.0","178.67741935483872","10850.0","610.0"
"Jan2013","DD","DMK","PHS","120.0","8252.0","68.76666666666667","8320.0","320.0"
"Jan2013","DD","DMK","PRH","18","612","34.0","1530","470.0"
"Jan2013","DD","DMK","HKT","93","17577","189.0","7440","689.0"
"Jan2013","DD","DMK","URT","124.0","22196.0","179.0","8680.0","552.0"
"Jan2013","DD","DMK","TST","62.0","11558.0","186.41935483870967","4960.0","718.0"
"Jan2013","DD","DMK","UBP","124.0","22036.0","177.70967741935485","8060.0","483.0"
"Jan2013","DD","DMK","UTH","155","29295","189.0","10075","451.0"
"Jan2013","DD","HDY","DMK","217.0","39773.0","183.28571428571428","18445.0","772.0"
"Jan2013","DD","HKT","DMK","93","17577","189.0","7440","689.0"
"Jan2013","DD","LOE","DMK","31","2046","66.0","2325","410.0"
"Jan2013","DD","MAQ","DMK","62","2108","34.0","4650","380.0"
"Jan2013","DD","NST","DMK","155.0","27695.0","178.67741935483872","10850.0","610.0"
"Jan2013","DD","PHS","DMK","120.0","8252.0","68.76666666666667","8320.0","320.0"
"Jan2013","DD","PRH","DMK","18","612","34.0","1530","470.0"
"Jan2013","DD","TST","DMK","62.0","11558.0","186.41935483870967","4960.0","718.0"
"Jan2013","DD","UBP","DMK","124.0","22036.0","177.70967741935485","7440.0","483.0"
"Jan2013","DD","URT","DMK","124.0","22196.0","179.0","8680.0","552.0"
"Jan2013","DD","UTH","DMK","155","29295","189.0","9300","451.0"
"Jan2013","FD","CEI","DMK","93","15624","168.0","7440","666.0"
"Jan2013","FD","CNX","DMK","266","44688","168.0","20105","565.0"
"Jan2013","FD","CNX","HDY","31","5208","168.0","3875","1320.0"
"Jan2013","FD","DMK","CNX","266","44688","168.0","19550","565.0"
"Jan2013","FD","DMK","CEI","93","15624","168.0","7440","666.0"
"Jan2013","FD","DMK","HDY","217","36456","168.0","18445","772.0"
"Jan2013","FD","DMK","KBV","155","26040","168.0","12400","666.0"
"Jan2013","FD","DMK","NST","62","10416","168.0","4805","610.0"
"Jan2013","FD","DMK","HKT","279","46872","168.0","22785","689.0"
"Jan2013","FD","DMK","URT","93","15624","168.0","6665","552.0"
"Jan2013","FD","HDY","DMK","217","36456","168.0","18290","772.0"
"Jan2013","FD","HDY","CNX","31","5208","168.0","3720","1320.0"
"Jan2013","FD","HKT","DMK","279","46872","168.0","22630","689.0"
"Jan2013","FD","KBV","DMK","155","26040","168.0","11780","666.0"
"Jan2013","FD","NST","DMK","62","10416","168.0","4805","610.0"
"Jan2013","FD","URT","DMK","93","15624","168.0","6820","552.0"
"Jan2013","PG","BKK","CNX","186.0","28512.0","153.29032258064515","13950.0","565.0"
"Jan2013","PG","BKK","LPT","62","4340","70.0","5580","497.0"
"Jan2013","PG","BKK","HKT","217","35154","162.0","18445","673.0"
"Jan2013","PG","CNX","BKK","155.0","24084.0","155.38064516129032","12400.0","565.0"
"Jan2013","PG","CNX","USM","31","4464","144.0","3255","1027.0"
"Jan2013","PG","HKT","BKK","217","35154","162.0","18445","673.0"
"Jan2013","PG","LPT","BKK","62","4340","70.0","5580","497.0"
"Jan2013","TG","BKK","CNX","310.0","89039.0","287.2225806451613","22630.0","565.0"
"Jan2013","TG","BKK","CEI","93","22971","247.0","7440","666.0"
"Jan2013","TG","BKK","KKC","124","30628","247.0","6975","367.0"
"Jan2013","TG","BKK","HKT","279.0","83824.0","300.44444444444446","22599.0","673.0"
"Jan2013","TG","BKK","UBP","31","4650","150.0","2015","476.0"
"Jan2013","TG","BKK","UTH","93.0","16957.0","182.33333333333334","6045.0","451.0"
"Jan2013","TG","CEI","BKK","93","22971","247.0","7440","666.0"
"Jan2013","TG","CNX","BKK","310.0","89039.0","287.2225806451613","22630.0","565.0"
"Jan2013","TG","HKT","BKK","295.0","90048.0","305.24745762711865","25385.0","673.0"
"Jan2013","TG","KKC","BKK","124","30628","247.0","6975","367.0"
"Jan2013","TG","UBP","BKK","31","4650","150.0","2015","476.0"
"Jan2013","TG","UTH","BKK","93.0","16957.0","182.33333333333334","5580.0","451.0"
"Feb2013","DD","BFV","DMK","12","408","34.0","780","296.0"
"Feb2013","DD","CEI","DMK","84.0","15756.0","187.57142857142858","6300.0","666.0"
"Feb2013","DD","CJM","DMK","28","952","34.0","1960","380.0"
"Feb2013","DD","DMK","BFV","12","408","34.0","780","296.0"
"Feb2013","DD","DMK","CEI","84.0","15756.0","187.57142857142858","6300.0","666.0"
"Feb2013","DD","DMK","CJM","28","952","34.0","1960","380.0"
"Feb2013","DD","DMK","HDY","196.0","35924.0","183.28571428571428","16660.0","772.0"
"Feb2013","DD","DMK","LOE","28","1848","66.0","2100","410.0"
"Feb2013","DD","DMK","MAQ","56","1904","34.0","4200","380.0"
"Feb2013","DD","DMK","NST","140.0","23836.0","170.25714285714287","9800.0","610.0"
"Feb2013","DD","DMK","PHS","84.0","7945.0","94.58333333333333","5320.0","320.0"
"Feb2013","DD","DMK","PRH","16","544","34.0","1360","470.0"
"Feb2013","DD","DMK","HKT","84","15876","189.0","6720","689.0"
"Feb2013","DD","DMK","URT","112.0","21048.0","187.92857142857142","7840.0","552.0"
"Feb2013","DD","DMK","TST","56.0","10464.0","186.85714285714286","4480.0","718.0"
"Feb2013","DD","DMK","UBP","112.0","20048.0","179.0","7280.0","483.0"
"Feb2013","DD","DMK","UTH","140","26460","189.0","9100","451.0"
"Feb2013","DD","HDY","DMK","196.0","35924.0","183.28571428571428","16660.0","772.0"
"Feb2013","DD","HKT","DMK","84","15876","189.0","6720","689.0"
"Feb2013","DD","LOE","DMK","28","1848","66.0","2100","410.0"
"Feb2013","DD","MAQ","DMK","56","1904","34.0","4200","380.0"
"Feb2013","DD","NST","DMK","140.0","23836.0","170.25714285714287","9800.0","610.0"
"Feb2013","DD","PHS","DMK","84.0","7945.0","94.58333333333333","5320.0","320.0"
"Feb2013","DD","PRH","DMK","16","544","34.0","1360","470.0"
"Feb2013","DD","TST","DMK","56.0","10464.0","186.85714285714286","4480.0","718.0"
"Feb2013","DD","UBP","DMK","112.0","20048.0","179.0","6720.0","483.0"
"Feb2013","DD","URT","DMK","112.0","21048.0","187.92857142857142","7840.0","552.0"
"Feb2013","DD","UTH","DMK","140","26460","189.0","8400","451.0"
"Feb2013","FD","CEI","DMK","84","14112","168.0","6720","666.0"
"Feb2013","FD","CNX","DMK","240","40320","168.0","18140","565.0"
"Feb2013","FD","CNX","HDY","42","7056","168.0","5250","1320.0"
"Feb2013","FD","DMK","CNX","240","40320","168.0","17640","565.0"
"Feb2013","FD","DMK","CEI","84","14112","168.0","6720","666.0"
"Feb2013","FD","DMK","HDY","210","35280","168.0","17850","772.0"
"Feb2013","FD","DMK","KBV","154","25872","168.0","12320","666.0"
"Feb2013","FD","DMK","NST","70","11760","168.0","5390","610.0"
"Feb2013","FD","DMK","HKT","252","42336","168.0","20580","689.0"
"Feb2013","FD","DMK","URT","84","14112","168.0","6020","552.0"
"Feb2013","FD","HDY","DMK","210","35280","168.0","17570","772.0"
"Feb2013","FD","HDY","CNX","42","7056","168.0","5040","1320.0"
"Feb2013","FD","HKT","DMK","252","42336","168.0","20440","689.0"
"Feb2013","FD","KBV","DMK","154","25872","168.0","11690","666.0"
"Feb2013","FD","NST","DMK","70","11760","168.0","5320","610.0"
"Feb2013","FD","URT","DMK","84","14112","168.0","6160","552.0"
"Feb2013","K8","CNX","HGN","54","540","10.0","1890","119.0"
"Feb2013","K8","CNX","NNT","3","30","10.0","135","192.0"
"Feb2013","K8","CNX","PYY","6","60","10.0","150","87.0"
"Feb2013","K8","CNX","PHS","10","100","10.0","600","259.0"
"Feb2013","K8","HGN","CNX","54","540","10.0","1710","119.0"
"Feb2013","K8","NNT","CNX","3","30","10.0","135","192.0"
"Feb2013","K8","PHS","CNX","10","100","10.0","600","259.0"
"Feb2013","K8","PYY","CNX","6","60","10.0","150","87.0"
"Feb2013","PG","BKK","CNX","168.0","25794.0","153.53571428571428","12600.0","565.0"
"Feb2013","PG","BKK","LPT","56","3920","70.0","5040","497.0"
"Feb2013","PG","BKK","HKT","196","31752","162.0","16660","673.0"
"Feb2013","PG","CNX","BKK","140.0","21744.0","155.31428571428572","11200.0","565.0"
"Feb2013","PG","HKT","BKK","196","31752","162.0","16660","673.0"
"Feb2013","PG","LPT","BKK","56","3920","70.0","5040","497.0"
"Feb2013","TG","BKK","CEI","84","20748","247.0","6720","666.0"
"Feb2013","TG","BKK","HKT","280.0","80101.0","286.075","22652.0","673.0"
"Feb2013","TG","CEI","BKK","84","20748","247.0","6720","666.0"
"Feb2013","TG","HKT","BKK","296.0","86213.0","291.26013513513516","25440.0","673.0"
"Mar2013","DD","BFV","DMK","14","476","34.0","910","296.0"
"Mar2013","DD","CEI","DMK","93","17577","189.0","6975","666.0"
"Mar2013","DD","CNX","DMK","187","35343","189.0","12155","565.0"
"Mar2013","DD","DMK","BFV","14","476","34.0","910","296.0"
"Mar2013","DD","DMK","CNX","187","35343","189.0","13090","565.0"
"Mar2013","DD","DMK","CEI","93","17577","189.0","6975","666.0"
"Mar2013","DD","DMK","HDY","187","35343","189.0","15895","772.0"
"Mar2013","DD","DMK","LOE","31","2046","66.0","2325","410.0"
"Mar2013","DD","DMK","MAQ","124","4216","34.0","9300","380.0"
"Mar2013","DD","DMK","NST","125.0","21145.0","169.16","8750.0","610.0"
"Mar2013","DD","DMK","NNT","62.0","3100.0","50.0","5890.0","541.0"
"Mar2013","DD","DMK","PRH","17","578","34.0","1445","470.0"
"Mar2013","DD","DMK","HKT","93","17577","189.0","7440","689.0"
"Mar2013","DD","DMK","URT","94","17766","189.0","6580","552.0"
"Mar2013","DD","DMK","TST","62.0","10518.0","169.6451612903226","4960.0","718.0"
"Mar2013","DD","DMK","UBP","124.0","22196.0","179.0","8060.0","483.0"
"Mar2013","DD","DMK","UTH","155","29295","189.0","10075","451.0"
"Mar2013","DD","HDY","DMK","187","35343","189.0","15895","772.0"
"Mar2013","DD","HKT","DMK","93","17577","189.0","7440","689.0"
"Mar2013","DD","LOE","DMK","31","2046","66.0","2325","410.0"
"Mar2013","DD","MAQ","DMK","124","4216","34.0","9300","380.0"
"Mar2013","DD","NNT","DMK","62.0","3100.0","50.0","5890.0","541.0"
"Mar2013","DD","NST","DMK","125.0","21145.0","169.16","8750.0","610.0"
"Mar2013","DD","PRH","DMK","17","578","34.0","1445","470.0"
"Mar2013","DD","TST","DMK","62.0","10518.0","169.6451612903226","4960.0","718.0"
"Mar2013","DD","UBP","DMK","124.0","22196.0","179.0","7440.0","483.0"
"Mar2013","DD","URT","DMK","94","17766","189.0","6580","552.0"
"Mar2013","DD","UTH","DMK","155","29295","189.0","9300","451.0"
"Mar2013","FD","CEI","DMK","93","15624","168.0","7440","666.0"
"Mar2013","FD","CNX","DMK","310","52080","168.0","23555","565.0"
"Mar2013","FD","DMK","CNX","310","52080","168.0","23085","565.0"
"Mar2013","FD","DMK","CEI","93","15624","168.0","7440","666.0"
"Mar2013","FD","DMK","HDY","248","41664","168.0","21075","772.0"
"Mar2013","FD","DMK","KBV","186","31248","168.0","14885","666.0"
"Mar2013","FD","DMK","NST","93","15624","168.0","7110","610.0"
"Mar2013","FD","DMK","HKT","279","46872","168.0","22765","689.0"
"Mar2013","FD","DMK","URT","93","15624","168.0","6655","552.0"
"Mar2013","FD","HDY","DMK","248","41664","168.0","20640","772.0"
"Mar2013","FD","HKT","DMK","279","46872","168.0","22630","689.0"
"Mar2013","FD","KBV","DMK","186","31248","168.0","14125","666.0"
"Mar2013","FD","NST","DMK","93","15624","168.0","6970","610.0"
"Mar2013","FD","URT","DMK","93","15624","168.0","6810","552.0"
"Mar2013","K8","CNX","NNT","4","40","10.0","180","192.0"
"Mar2013","K8","NNT","CNX","4","40","10.0","180","192.0"
"Mar2013","PG","BKK","CNX","185.0","28674.0","154.9945945945946","13875.0","565.0"
"Mar2013","PG","BKK","USM","608.0","69052.0","113.57236842105263","45615.0","465.0"
"Mar2013","PG","BKK","LPT","62","4340","70.0","5580","497.0"
"Mar2013","PG","BKK","HKT","217","35154","162.0","18445","673.0"
"Mar2013","PG","CNX","BKK","154.0","24228.0","157.32467532467533","12320.0","565.0"
"Mar2013","PG","HKT","BKK","217","35154","162.0","18445","673.0"
"Mar2013","PG","LPT","BKK","62","4340","70.0","5580","497.0"
"Mar2013","TG","BKK","CEI","93.0","22874.0","245.95698924731184","7440.0","666.0"
"Mar2013","TG","BKK","KKC","124.0","27621.0","222.75","6970.0","367.0"
"Mar2013","TG","BKK","KBV","153.0","34672.0","226.6143790849673","12240.0","649.0"
"Mar2013","TG","BKK","HKT","310.0","89116.0","287.4709677419355","25079.0","673.0"
"Mar2013","TG","BKK","UTH","93","16182","174.0","6045","451.0"
"Mar2013","TG","CEI","BKK","93.0","22874.0","245.95698924731184","7440.0","666.0"
"Mar2013","TG","HKT","BKK","330.0","96497.0","292.41515151515154","28360.0","673.0"
"Mar2013","TG","KBV","BKK","153.0","34672.0","226.6143790849673","12240.0","649.0"
"Mar2013","TG","KKC","BKK","124.0","27621.0","222.75","6975.0","367.0"
"Mar2013","TG","UTH","BKK","93","16182","174.0","5580","451.0"
"Apr2013","8B","HKT","BKK","1","251","251.0","80","673.0"
"Apr2013","DD","BFV","DMK","12","408","34.0","780","296.0"
"Apr2013","DD","CEI","DMK","90","17010","189.0","6750","666.0"
"Apr2013","DD","CNX","DMK","184","34776","189.0","11960","565.0"
"Apr2013","DD","DMK","BFV","12","408","34.0","780","296.0"
"Apr2013","DD","DMK","CNX","184","34776","189.0","12880","565.0"
"Apr2013","DD","DMK","CEI","90","17010","189.0","6750","666.0"
"Apr2013","DD","DMK","HDY","210","39690","189.0","17850","772.0"
"Apr2013","DD","DMK","NST","137.0","24093.0","175.86131386861314","9590.0","610.0"
"Apr2013","DD","DMK","HKT","90","17010","189.0","7200","689.0"
"Apr2013","DD","DMK","URT","120","22680","189.0","8400","552.0"
"Apr2013","DD","DMK","UBP","120.0","21000.0","175.0","7800.0","483.0"
"Apr2013","DD","DMK","UTH","150","28350","189.0","9750","451.0"
"Apr2013","DD","HDY","DMK","210","39690","189.0","17850","772.0"
"Apr2013","DD","HKT","DMK","90","17010","189.0","7200","689.0"
"Apr2013","DD","NST","DMK","137.0","24093.0","175.86131386861314","9590.0","610.0"
"Apr2013","DD","UBP","DMK","120.0","21000.0","175.0","7200.0","483.0"
"Apr2013","DD","URT","DMK","120","22680","189.0","8400","552.0"
"Apr2013","DD","UTH","DMK","150","28350","189.0","9000","451.0"
"Apr2013","FD","CEI","DMK","81","13608","168.0","6480","666.0"
"Apr2013","FD","CNX","DMK","273","45864","168.0","20390","565.0"
"Apr2013","FD","DMK","CNX","273","45864","168.0","20095","565.0"
"Apr2013","FD","DMK","CEI","81","13608","168.0","6480","666.0"
"Apr2013","FD","DMK","HDY","231","38808","168.0","19260","772.0"
"Apr2013","FD","DMK","KBV","162","27216","168.0","12885","666.0"
"Apr2013","FD","DMK","NST","90","15120","168.0","6510","610.0"
"Apr2013","FD","DMK","HKT","271","45528","168.0","21575","689.0"
"Apr2013","FD","DMK","URT","90","15120","168.0","6195","552.0"
"Apr2013","FD","HDY","DMK","231","38808","168.0","20140","772.0"
"Apr2013","FD","HKT","DMK","271","45528","168.0","22200","689.0"
"Apr2013","FD","KBV","DMK","162","27216","168.0","12900","666.0"
"Apr2013","FD","NST","DMK","90","15120","168.0","6530","610.0"
"Apr2013","FD","URT","DMK","90","15120","168.0","6300","552.0"
"Apr2013","K8","CNX","NNT","7","70","10.0","315","192.0"
"Apr2013","K8","NNT","CNX","7","70","10.0","290","192.0"
"Apr2013","PG","BKK","CNX","172.0","26874.0","156.24418604651163","12900.0","565.0"
"Apr2013","PG","BKK","USM","601.0","75370.0","125.40765391014975","42690.0","465.0"
"Apr2013","PG","BKK","KBV","54","8748","162.0","4590","649.0"
"Apr2013","PG","BKK","LPT","60","4200","70.0","5400","497.0"
"Apr2013","PG","BKK","HKT","210.0","33894.0","161.4","17850.0","673.0"
"Apr2013","PG","BKK","TDX","69","4830","70.0","4140","233.0"
"Apr2013","PG","CNX","BKK","142.0","22554.0","158.83098591549296","11360.0","565.0"
"Apr2013","PG","HKT","BKK","210.0","33894.0","161.4","17840.0","673.0"
"Apr2013","PG","KBV","BKK","54","8748","162.0","4590","649.0"
"Apr2013","PG","LPT","BKK","60","4200","70.0","5400","497.0"
"Apr2013","PG","TDX","BKK","69","4830","70.0","4140","233.0"
"Apr2013","TG","BKK","KBV","90.0","23520.0","261.3333333333333","7200.0","649.0"
"Apr2013","TG","KBV","BKK","90.0","23520.0","261.3333333333333","7200.0","649.0"
"May2013","DD","CEI","DMK","93","17577","189.0","6975","666.0"
"May2013","DD","CNX","DMK","155","29295","189.0","10075","565.0"
"May2013","DD","DMK","CNX","155","29295","189.0","10850","565.0"
"May2013","DD","DMK","CEI","93","17577","189.0","6975","666.0"
"May2013","DD","DMK","HDY","217","41013","189.0","18445","772.0"
"May2013","DD","DMK","NST","147","27783","189.0","10290","610.0"
"May2013","DD","DMK","HKT","93","17577","189.0","7440","689.0"
"May2013","DD","DMK","UNN","17","578","34.0","1615","497.0"
"May2013","DD","DMK","URT","124.0","22196.0","179.0","8680.0","552.0"
"May2013","DD","DMK","UBP","124.0","22196.0","179.0","8060.0","483.0"
"May2013","DD","DMK","UTH","155","29295","189.0","10075","451.0"
"May2013","DD","HDY","DMK","217","41013","189.0","18445","772.0"
"May2013","DD","HKT","DMK","93","17577","189.0","7440","689.0"
"May2013","DD","NST","DMK","147","27783","189.0","10290","610.0"
"May2013","DD","UBP","DMK","124.0","22196.0","179.0","7440.0","483.0"
"May2013","DD","UNN","DMK","17","578","34.0","1615","497.0"
"May2013","DD","URT","DMK","124.0","22196.0","179.0","8680.0","552.0"
"May2013","DD","UTH","DMK","155","29295","189.0","9300","451.0"
"May2013","FD","CEI","DMK","62","10416","168.0","4960","666.0"
"May2013","FD","CNX","DMK","217","36456","168.0","16585","565.0"
"May2013","FD","DMK","CNX","217","36456","168.0","15810","565.0"
"May2013","FD","DMK","CEI","62","10416","168.0","4960","666.0"
"May2013","FD","DMK","KBV","124","20832","168.0","9300","666.0"
"May2013","FD","DMK","NST","93","15624","168.0","6510","610.0"
"May2013","FD","DMK","HKT","327","54936","168.0","26075","689.0"
"May2013","FD","DMK","URT","93","15624","168.0","6510","552.0"
"May2013","FD","HKT","DMK","327","54936","168.0","27355","689.0"
"May2013","FD","KBV","DMK","124","20832","168.0","10075","666.0"
"May2013","FD","NST","DMK","93","15624","168.0","6820","610.0"
"May2013","FD","URT","DMK","93","15624","168.0","6510","552.0"
"May2013","K8","CNX","PYY","13","148","11.384615384615385","325","87.0"
"May2013","K8","PYY","CNX","13","148","11.384615384615385","325","87.0"
"May2013","PG","BKK","CNX","186.0","28998.0","155.90322580645162","13950.0","565.0"
"May2013","PG","BKK","KBV","62","10044","162.0","5270","649.0"
"May2013","PG","BKK","LPT","62","4340","70.0","5580","497.0"
"May2013","PG","BKK","HKT","217.0","35136.0","161.91705069124424","18445.0","673.0"
"May2013","PG","CNX","BKK","155.0","24534.0","158.28387096774193","12400.0","565.0"
"May2013","PG","HKT","BKK","217.0","35136.0","161.91705069124424","18445.0","673.0"
"May2013","PG","KBV","BKK","62","10044","162.0","5270","649.0"
"May2013","PG","LPT","BKK","62","4340","70.0","5580","497.0"
"Jun2013","DD","CEI","DMK","90","17010","189.0","6750","666.0"
"Jun2013","DD","CNX","DMK","150","28350","189.0","9750","565.0"
"Jun2013","DD","DMK","CNX","150","28350","189.0","10500","565.0"
"Jun2013","DD","DMK","CEI","90","17010","189.0","6750","666.0"
"Jun2013","DD","DMK","HDY","210","39690","189.0","17850","772.0"
"Jun2013","DD","DMK","NST","150","28350","189.0","10500","610.0"
"Jun2013","DD","DMK","PRH","17","578","34.0","1445","470.0"
"Jun2013","DD","DMK","HKT","90","17010","189.0","7200","689.0"
"Jun2013","DD","DMK","URT","120.0","22600.0","188.33333333333334","8400.0","552.0"
"Jun2013","DD","DMK","UBP","120.0","22600.0","188.33333333333334","7800.0","483.0"
"Jun2013","DD","DMK","UTH","150","28350","189.0","9750","451.0"
"Jun2013","DD","HDY","DMK","210","39690","189.0","17850","772.0"
"Jun2013","DD","HKT","DMK","90","17010","189.0","7200","689.0"
"Jun2013","DD","NST","DMK","150","28350","189.0","10500","610.0"
"Jun2013","DD","PRH","DMK","17","578","34.0","1445","470.0"
"Jun2013","DD","UBP","DMK","120.0","22600.0","188.33333333333334","7200.0","483.0"
"Jun2013","DD","URT","DMK","120.0","22600.0","188.33333333333334","8400.0","552.0"
"Jun2013","DD","UTH","DMK","150","28350","189.0","9000","451.0"
"Jun2013","FD","CEI","DMK","60","10080","168.0","4800","666.0"
"Jun2013","FD","CNX","DMK","210","35280","168.0","16050","565.0"
"Jun2013","FD","DMK","CNX","210","35280","168.0","15300","565.0"
"Jun2013","FD","DMK","CEI","60","10080","168.0","4800","666.0"
"Jun2013","FD","DMK","KBV","120","20160","168.0","9000","666.0"
"Jun2013","FD","DMK","NST","90","15120","168.0","6300","610.0"
"Jun2013","FD","DMK","HKT","358","60144","168.0","28490","689.0"
"Jun2013","FD","DMK","URT","90","15120","168.0","6300","552.0"
"Jun2013","FD","HKT","DMK","358","60144","168.0","29935","689.0"
"Jun2013","FD","KBV","DMK","120","20160","168.0","9750","666.0"
"Jun2013","FD","NST","DMK","90","15120","168.0","6600","610.0"
"Jun2013","FD","URT","DMK","90","15120","168.0","6300","552.0"
"Jun2013","K8","CNX","NNT","8","96","12.0","360","192.0"
"Jun2013","K8","CNX","PHS","17","204","12.0","1020","259.0"
"Jun2013","K8","NNT","CNX","8","96","12.0","320","192.0"
"Jun2013","K8","PHS","CNX","17","204","12.0","1020","259.0"
"Jun2013","PG","BKK","CNX","180.0","27864.0","154.8","13500.0","565.0"
"Jun2013","PG","BKK","KBV","60.0","9504.0","158.4","5100.0","649.0"
"Jun2013","PG","BKK","LPT","60","4200","70.0","5400","497.0"
"Jun2013","PG","BKK","HKT","210.0","33738.0","160.65714285714284","17850.0","673.0"
"Jun2013","PG","CNX","BKK","150.0","23544.0","156.96","12000.0","565.0"
"Jun2013","PG","HKT","BKK","210.0","33750.0","160.71428571428572","17850.0","673.0"
"Jun2013","PG","HKT","USM","120","8400","70.0","6600","249.0"
"Jun2013","PG","KBV","BKK","60.0","9504.0","158.4","5100.0","649.0"
"Jun2013","PG","LPT","BKK","60","4200","70.0","5400","497.0"
"Jun2013","PG","USM","HKT","120","8400","70.0","7200","249.0"
"Jul2013","DD","BFV","DMK","13","442","34.0","845","296.0"
"Jul2013","DD","CEI","DMK","93","17577","189.0","6975","666.0"
"Jul2013","DD","CNX","DMK","155","29295","189.0","10075","565.0"
"Jul2013","DD","DMK","BFV","13","442","34.0","845","296.0"
"Jul2013","DD","DMK","CNX","155","29295","189.0","10850","565.0"
"Jul2013","DD","DMK","CEI","93","17577","189.0","6975","666.0"
"Jul2013","DD","DMK","HKT","93","17577","189.0","7440","689.0"
"Jul2013","DD","DMK","SNO","31","5859","189.0","2170","521.0"
"Jul2013","DD","DMK","URT","124","23436","189.0","8680","552.0"
"Jul2013","DD","DMK","UBP","155","29295","189.0","10075","483.0"
"Jul2013","DD","DMK","UTH","155","29295","189.0","10075","451.0"
"Jul2013","DD","HKT","DMK","93","17577","189.0","7440","689.0"
"Jul2013","DD","SNO","DMK","31","5859","189.0","2170","521.0"
"Jul2013","DD","UBP","DMK","155","29295","189.0","9300","483.0"
"Jul2013","DD","URT","DMK","124","23436","189.0","8680","552.0"
"Jul2013","DD","UTH","DMK","155","29295","189.0","9300","451.0"
"Jul2013","FD","CEI","DMK","62","10416","168.0","4960","666.0"
"Jul2013","FD","CNX","DMK","217","36456","168.0","16585","565.0"
"Jul2013","FD","CNX","HKT","62","10416","168.0","7750","1181.0"
"Jul2013","FD","DMK","CNX","217","36456","168.0","15810","565.0"
"Jul2013","FD","DMK","CEI","62","10416","168.0","4960","666.0"
"Jul2013","FD","DMK","KBV","124","20832","168.0","9300","666.0"
"Jul2013","FD","DMK","NST","93","15624","168.0","6510","610.0"
"Jul2013","FD","DMK","URT","117","19656","168.0","8310","552.0"
"Jul2013","FD","HKT","CNX","62","10416","168.0","7595","1181.0"
"Jul2013","FD","KBV","DMK","124","20832","168.0","10075","666.0"
"Jul2013","FD","NST","DMK","93","15624","168.0","6820","610.0"
"Jul2013","FD","URT","DMK","117","19656","168.0","8310","552.0"
"Jul2013","K8","CNX","HGN","93","1116","12.0","3425","119.0"
"Jul2013","K8","HGN","CNX","93","1116","12.0","3255","119.0"
"Jul2013","PG","BKK","CNX","199.0","30714.0","154.34170854271358","14925.0","565.0"
"Jul2013","PG","BKK","KBV","62.0","9972.0","160.83870967741936","5270.0","649.0"
"Jul2013","PG","BKK","LPT","62","4340","70.0","5580","497.0"
"Jul2013","PG","BKK","HKT","217.0","35082.0","161.66820276497697","18445.0","673.0"
"Jul2013","PG","CNX","BKK","155.0","24456.0","157.78064516129032","12400.0","565.0"
"Jul2013","PG","CNX","USM","44","6258","142.22727272727272","4620","1027.0"
"Jul2013","PG","HKT","BKK","217.0","35082.0","161.66820276497697","18445.0","673.0"
"Jul2013","PG","HKT","USM","145","10150","70.0","7975","249.0"
"Jul2013","PG","KBV","BKK","62.0","9972.0","160.83870967741936","5270.0","649.0"
"Jul2013","PG","LPT","BKK","62","4340","70.0","5580","497.0"
"Jul2013","PG","USM","HKT","145","10150","70.0","8700","249.0"
"Aug2013","DD","CEI","DMK","93","17577","189.0","6975","666.0"
"Aug2013","DD","DMK","CEI","93","17577","189.0","6975","666.0"
"Aug2013","DD","DMK","LOE","31","2046","66.0","2325","410.0"
"Aug2013","DD","DMK","HKT","93","17577","189.0","7440","689.0"
"Aug2013","DD","DMK","UNN","31","1054","34.0","2945","497.0"
"Aug2013","DD","DMK","SNO","31","5859","189.0","2170","521.0"
"Aug2013","DD","DMK","URT","124","23436","189.0","8680","552.0"
"Aug2013","DD","DMK","UBP","155","29295","189.0","10075","483.0"
"Aug2013","DD","DMK","UTH","168","31752","189.0","10920","451.0"
"Aug2013","DD","HKT","DMK","93","17577","189.0","7440","689.0"
"Aug2013","DD","LOE","DMK","31","2046","66.0","2325","410.0"
"Aug2013","DD","SNO","DMK","31","5859","189.0","2170","521.0"
"Aug2013","DD","UBP","DMK","155","29295","189.0","9300","483.0"
"Aug2013","DD","UNN","DMK","31","1054","34.0","2945","497.0"
"Aug2013","DD","URT","DMK","124","23436","189.0","8680","552.0"
"Aug2013","DD","UTH","DMK","168","31752","189.0","10080","451.0"
"Aug2013","FD","CEI","DMK","62","10416","168.0","4960","666.0"
"Aug2013","FD","CNX","DMK","248","41664","168.0","18910","565.0"
"Aug2013","FD","CNX","HKT","62","10416","168.0","7750","1181.0"
"Aug2013","FD","DMK","CNX","248","41664","168.0","17825","565.0"
"Aug2013","FD","DMK","CEI","62","10416","168.0","4960","666.0"
"Aug2013","FD","DMK","KBV","124","20832","168.0","9300","666.0"
"Aug2013","FD","DMK","NST","93","15624","168.0","6510","610.0"
"Aug2013","FD","DMK","URT","124","20832","168.0","8835","552.0"
"Aug2013","FD","HKT","CNX","62","10416","168.0","7595","1181.0"
"Aug2013","FD","KBV","DMK","124","20832","168.0","10075","666.0"
"Aug2013","FD","NST","DMK","93","15624","168.0","6820","610.0"
"Aug2013","FD","URT","DMK","124","20832","168.0","8835","552.0"
"Aug2013","K8","CNX","HGN","93","1116","12.0","3435","119.0"
"Aug2013","K8","CNX","NNT","9","108","12.0","405","192.0"
"Aug2013","K8","CNX","PYY","14","168","12.0","350","87.0"
"Aug2013","K8","CNX","PHS","17","204","12.0","1020","259.0"
"Aug2013","K8","HGN","CNX","93","1116","12.0","3255","119.0"
"Aug2013","K8","NNT","CNX","9","108","12.0","360","192.0"
"Aug2013","K8","PHS","CNX","17","204","12.0","1020","259.0"
"Aug2013","K8","PYY","CNX","14","168","12.0","350","87.0"
"Aug2013","PG","BKK","CNX","217.0","33270.0","153.3179723502304","16275.0","565.0"
"Aug2013","PG","BKK","KBV","62","10044","162.0","5270","649.0"
"Aug2013","PG","BKK","LPT","62","4340","70.0","5580","497.0"
"Aug2013","PG","BKK","HKT","217","35154","162.0","18445","673.0"
"Aug2013","PG","CNX","BKK","155.0","24528.0","158.24516129032259","12400.0","565.0"
"Aug2013","PG","HKT","BKK","217","35154","162.0","18445","673.0"
"Aug2013","PG","KBV","BKK","62","10044","162.0","5270","649.0"
"Aug2013","PG","LPT","BKK","62","4340","70.0","5580","497.0"
"Sep2013","DD","CEI","DMK","90","17010","189.0","6750","666.0"
"Sep2013","DD","CNX","DMK","210","39690","189.0","13650","565.0"
"Sep2013","DD","DMK","CNX","210","39690","189.0","14700","565.0"
"Sep2013","DD","DMK","CEI","90","17010","189.0","6750","666.0"
"Sep2013","DD","DMK","HKT","90","17010","189.0","7200","689.0"
"Sep2013","DD","DMK","SNO","30","5670","189.0","2100","521.0"
"Sep2013","DD","DMK","URT","120","22680","189.0","8400","552.0"
"Sep2013","DD","DMK","TST","60","11340","189.0","4800","718.0"
"Sep2013","DD","DMK","UBP","150","28350","189.0","9750","483.0"
"Sep2013","DD","DMK","UTH","180","34020","189.0","11700","451.0"
"Sep2013","DD","HKT","DMK","90","17010","189.0","7200","689.0"
"Sep2013","DD","SNO","DMK","30","5670","189.0","2100","521.0"
"Sep2013","DD","TST","DMK","60","11340","189.0","4800","718.0"
"Sep2013","DD","UBP","DMK","150","28350","189.0","9000","483.0"
"Sep2013","DD","URT","DMK","120","22680","189.0","8400","552.0"
"Sep2013","DD","UTH","DMK","180","34020","189.0","10800","451.0"
"Sep2013","FD","CEI","DMK","60","10080","168.0","4800","666.0"
"Sep2013","FD","CNX","HKT","60","10080","168.0","7500","1181.0"
"Sep2013","FD","DMK","CEI","60","10080","168.0","4800","666.0"
"Sep2013","FD","DMK","NST","90","15120","168.0","6300","610.0"
"Sep2013","FD","DMK","URT","90","15120","168.0","6300","552.0"
"Sep2013","FD","HKT","CNX","60","10080","168.0","7350","1181.0"
"Sep2013","FD","NST","DMK","90","15120","168.0","6600","610.0"
"Sep2013","FD","URT","DMK","90","15120","168.0","6300","552.0"
"Sep2013","K8","CNX","HGN","90","1080","12.0","3150","119.0"
"Sep2013","K8","HGN","CNX","90","1080","12.0","3150","119.0"
"Sep2013","PG","BKK","CNX","180.0","27966.0","155.36666666666667","13500.0","565.0"
"Sep2013","PG","BKK","USM","540.0","62594.0","115.91481481481482","38825.0","465.0"
"Sep2013","PG","BKK","KBV","60","9720","162.0","5100","649.0"
"Sep2013","PG","BKK","LPT","60","4200","70.0","5400","497.0"
"Sep2013","PG","BKK","HKT","210.0","33636.0","160.17142857142858","17850.0","673.0"
"Sep2013","PG","CNX","BKK","150.0","23694.0","157.96","12000.0","565.0"
"Sep2013","PG","HKT","BKK","210.0","33636.0","160.17142857142858","17850.0","673.0"
"Sep2013","PG","HKT","USM","128","8960","70.0","7040","249.0"
"Sep2013","PG","KBV","BKK","60","9720","162.0","5100","649.0"
"Sep2013","PG","LPT","BKK","60","4200","70.0","5400","497.0"
"Sep2013","PG","USM","HKT","128","8960","70.0","7680","249.0"
"Oct2013","8B","BKK","HKT","5","1255","251.0","400","673.0"
"Oct2013","8B","HKT","BKK","5","1255","251.0","400","673.0"
"Oct2013","8B","HKT","URT","12","3012","251.0","360","145.0"
"Oct2013","8B","URT","HKT","12","3012","251.0","360","145.0"
"Oct2013","DD","BFV","DMK","16","544","34.0","1040","296.0"
"Oct2013","DD","CEI","DMK","103","19467","189.0","7725","666.0"
"Oct2013","DD","CJM","DMK","62","2108","34.0","4340","380.0"
"Oct2013","DD","CNX","DMK","269","50841","189.0","17485","565.0"
"Oct2013","DD","DMK","BFV","16","544","34.0","1040","296.0"
"Oct2013","DD","DMK","CNX","269","50841","189.0","18830","565.0"
"Oct2013","DD","DMK","CEI","103","19467","189.0","7725","666.0"
"Oct2013","DD","DMK","CJM","62","2108","34.0","4340","380.0"
"Oct2013","DD","DMK","HDY","222","41958","189.0","18870","772.0"
"Oct2013","DD","DMK","LOE","36.0","2216.0","61.55555555555556","2700.0","410.0"
"Oct2013","DD","DMK","NST","155","29295","189.0","10800","610.0"
"Oct2013","DD","DMK","NNT","67.0","4102.0","61.223880597014926","6365.0","541.0"
"Oct2013","DD","DMK","HKT","98","18522","189.0","7815","689.0"
"Oct2013","DD","DMK","URT","129","24381","189.0","9030","552.0"
"Oct2013","DD","DMK","TST","67","12663","189.0","5335","718.0"
"Oct2013","DD","DMK","UBP","160","30240","189.0","10400","483.0"
"Oct2013","DD","DMK","UTH","186","35154","189.0","12090","451.0"
"Oct2013","DD","HDY","DMK","222","41958","189.0","18895","772.0"
"Oct2013","DD","HKT","DMK","98","18522","189.0","7840","689.0"
"Oct2013","DD","LOE","DMK","36.0","2216.0","61.55555555555556","2700.0","410.0"
"Oct2013","DD","NNT","DMK","67.0","4102.0","61.223880597014926","6365.0","541.0"
"Oct2013","DD","NST","DMK","155","29295","189.0","10825","610.0"
"Oct2013","DD","TST","DMK","67","12663","189.0","5335","718.0"
"Oct2013","DD","UBP","DMK","160","30240","189.0","9600","483.0"
"Oct2013","DD","URT","DMK","129","24381","189.0","8980","552.0"
"Oct2013","DD","UTH","DMK","186","35154","189.0","11160","451.0"
"Oct2013","FD","CEI","DMK","93","15624","168.0","7440","666.0"
"Oct2013","FD","CNX","DMK","346","58128","168.0","26180","565.0"
"Oct2013","FD","CNX","HKT","62","10416","168.0","7750","1181.0"
"Oct2013","FD","DMK","CNX","346","58128","168.0","25585","565.0"
"Oct2013","FD","DMK","CEI","93","15624","168.0","7440","666.0"
"Oct2013","FD","DMK","HDY","253","42504","168.0","20595","772.0"
"Oct2013","FD","DMK","KKC","8","1344","168.0","440","367.0"
"Oct2013","FD","DMK","KBV","217","36456","168.0","16710","666.0"
"Oct2013","FD","DMK","NST","93","15624","168.0","6610","610.0"
"Oct2013","FD","DMK","HKT","370","62160","168.0","29495","689.0"
"Oct2013","FD","DMK","URT","93","15624","168.0","6535","552.0"
"Oct2013","FD","HDY","DMK","253","42504","168.0","22210","772.0"
"Oct2013","FD","HKT","DMK","370","62160","168.0","30750","689.0"
"Oct2013","FD","HKT","CNX","62","10416","168.0","7520","1181.0"
"Oct2013","FD","KBV","DMK","217","36456","168.0","17055","666.0"
"Oct2013","FD","KKC","DMK","8","1344","168.0","440","367.0"
"Oct2013","FD","NST","DMK","93","15624","168.0","6845","610.0"
"Oct2013","FD","URT","DMK","93","15624","168.0","6560","552.0"
"Oct2013","K8","CNX","HGN","93","1116","12.0","3255","119.0"
"Oct2013","K8","CNX","NNT","8","96","12.0","360","192.0"
"Oct2013","K8","CNX","PYY","12","144","12.0","300","87.0"
"Oct2013","K8","CNX","PHS","17","204","12.0","1020","259.0"
"Oct2013","K8","HGN","CNX","93","1116","12.0","3255","119.0"
"Oct2013","K8","NNT","CNX","8","96","12.0","320","192.0"
"Oct2013","K8","PHS","CNX","17","204","12.0","1020","259.0"
"Oct2013","K8","PYY","CNX","12","144","12.0","300","87.0"
"Oct2013","PG","BKK","CNX","186.0","28740.0","154.51612903225808","13950.0","565.0"
"Oct2013","PG","BKK","USM","542.0","65328.0","120.53136531365314","38225.0","465.0"
"Oct2013","PG","BKK","KBV","62.0","9954.0","160.5483870967742","5270.0","649.0"
"Oct2013","PG","BKK","LPT","67","4690","70.0","6030","497.0"
"Oct2013","PG","BKK","HKT","217.0","35010.0","161.3364055299539","18445.0","673.0"
"Oct2013","PG","CNX","BKK","155.0","24276.0","156.61935483870968","12400.0","565.0"
"Oct2013","PG","HKT","BKK","217.0","34974.0","161.1705069124424","18445.0","673.0"
"Oct2013","PG","HKT","USM","124","8680","70.0","6820","249.0"
"Oct2013","PG","KBV","BKK","62.0","9954.0","160.5483870967742","5270.0","649.0"
"Oct2013","PG","LPT","BKK","67","4690","70.0","6030","497.0"
"Oct2013","PG","USM","HKT","124","8680","70.0","7440","249.0"
"Nov2013","8B","BKK","HKT","8","2008","251.0","640","673.0"
"Nov2013","8B","HKT","URT","8","2008","251.0","240","145.0"
"Nov2013","8B","URT","HKT","8","2008","251.0","240","145.0"
"Nov2013","DD","CJM","DMK","60","2040","34.0","4200","380.0"
"Nov2013","DD","CNX","DMK","204","38556","189.0","13260","565.0"
"Nov2013","DD","DMK","CNX","204","38556","189.0","14280","565.0"
"Nov2013","DD","DMK","CJM","60","2040","34.0","4200","380.0"
"Nov2013","DD","DMK","NST","150","28350","189.0","10200","610.0"
"Nov2013","DD","DMK","NNT","90.0","4020.0","44.666666666666664","8550.0","541.0"
"Nov2013","DD","DMK","HKT","120","22680","189.0","9450","689.0"
"Nov2013","DD","DMK","SNO","30","5670","189.0","2100","521.0"
"Nov2013","DD","DMK","UBP","180","34020","189.0","11700","483.0"
"Nov2013","DD","DMK","UTH","180","34020","189.0","11700","451.0"
"Nov2013","DD","HKT","DMK","120","22680","189.0","9600","689.0"
"Nov2013","DD","NNT","DMK","90.0","4020.0","44.666666666666664","8550.0","541.0"
"Nov2013","DD","NST","DMK","150","28350","189.0","10350","610.0"
"Nov2013","DD","SNO","DMK","30","5670","189.0","2100","521.0"
"Nov2013","DD","UBP","DMK","180","34020","189.0","10800","483.0"
"Nov2013","DD","UTH","DMK","180","34020","189.0","10800","451.0"
"Nov2013","E8","DMK","HKT","12","1788","149.0","1080","689.0"
"Nov2013","E8","HKT","DMK","12","1788","149.0","720","689.0"
"Nov2013","FD","CEI","DMK","91","15288","168.0","7275","666.0"
"Nov2013","FD","CNX","HKT","60","10080","168.0","7500","1181.0"
"Nov2013","FD","DMK","CEI","91","15288","168.0","7280","666.0"
"Nov2013","FD","DMK","KKC","60","10080","168.0","3300","367.0"
"Nov2013","FD","DMK","KBV","216","36288","168.0","17280","666.0"
"Nov2013","FD","DMK","NST","91","15288","168.0","6975","610.0"
"Nov2013","FD","DMK","PHS","2","336","168.0","110","320.0"
"Nov2013","FD","DMK","URT","117","19656","168.0","8395","552.0"
"Nov2013","FD","HKT","CNX","60","10080","168.0","6900","1181.0"
"Nov2013","FD","KBV","DMK","216","36288","168.0","16260","666.0"
"Nov2013","FD","KKC","DMK","60","10080","168.0","3300","367.0"
"Nov2013","FD","NST","DMK","91","15288","168.0","6825","610.0"
"Nov2013","FD","PHS","DMK","2","336","168.0","115","320.0"
"Nov2013","FD","URT","DMK","117","19656","168.0","8570","552.0"
"Nov2013","K8","CNX","HGN","90","1080","12.0","3150","119.0"
"Nov2013","K8","HGN","CNX","90","1080","12.0","2950","119.0"
"Nov2013","PG","BKK","CNX","177.0","27486.0","155.28813559322035","13275.0","565.0"
"Nov2013","PG","BKK","KBV","60.0","9180.0","153.0","5100.0","649.0"
"Nov2013","PG","BKK","HKT","210.0","33348.0","158.8","17850.0","673.0"
"Nov2013","PG","BKK","THS","60","4200","70.0","4500","377.0"
"Nov2013","PG","BKK","UTH","4","552","138.0","260","451.0"
"Nov2013","PG","CNX","BKK","147.0","23166.0","157.59183673469389","11760.0","565.0"
"Nov2013","PG","HKT","BKK","210.0","33348.0","158.8","17850.0","673.0"
"Nov2013","PG","KBV","BKK","60.0","9180.0","153.0","5100.0","649.0"
"Nov2013","PG","THS","BKK","60","4200","70.0","4500","377.0"
"Nov2013","PG","UTH","BKK","4","552","138.0","260","451.0"
"Dec2013","8B","HKT","URT","8","2008","251.0","240","145.0"
"Dec2013","8B","URT","HKT","8","2008","251.0","240","145.0"
"Dec2013","DD","CEI","DMK","156","29484","189.0","11700","666.0"
"Dec2013","DD","CJM","DMK","62","2108","34.0","4340","380.0"
"Dec2013","DD","CNX","DMK","315","59535","189.0","20475","565.0"
"Dec2013","DD","DMK","CNX","315","59535","189.0","21900","565.0"
"Dec2013","DD","DMK","CEI","156","29484","189.0","11700","666.0"
"Dec2013","DD","DMK","CJM","62","2108","34.0","4340","380.0"
"Dec2013","DD","DMK","NNT","84.0","4136.0","49.23809523809524","7980.0","541.0"
"Dec2013","DD","DMK","HKT","125","23625","189.0","9845","689.0"
"Dec2013","DD","DMK","UNN","61.0","3322.0","54.459016393442624","5795.0","497.0"
"Dec2013","DD","DMK","ROI","61.0","3034.0","49.73770491803279","4575.0","418.0"
"Dec2013","DD","DMK","SNO","31","5859","189.0","2170","521.0"
"Dec2013","DD","DMK","UBP","186","35154","189.0","12090","483.0"
"Dec2013","DD","DMK","UTH","186","35154","189.0","12090","451.0"
"Dec2013","DD","HKT","DMK","125","23625","189.0","10006","689.0"
"Dec2013","DD","NNT","DMK","84.0","4136.0","49.23809523809524","7980.0","541.0"
"Dec2013","DD","ROI","DMK","61.0","3034.0","49.73770491803279","4575.0","418.0"
"Dec2013","DD","SNO","DMK","31","5859","189.0","2170","521.0"
"Dec2013","DD","UBP","DMK","186","35154","189.0","11160","483.0"
"Dec2013","DD","UNN","DMK","61.0","3322.0","54.459016393442624","5795.0","497.0"
"Dec2013","DD","UTH","DMK","186","35154","189.0","11160","451.0"
"Dec2013","FD","CEI","DMK","124","20832","168.0","9765","666.0"
"Dec2013","FD","CNX","KBV","17","2856","168.0","1955","1181.0"
"Dec2013","FD","CNX","HKT","62","10416","168.0","7750","1181.0"
"Dec2013","FD","DMK","CEI","124","20832","168.0","9920","666.0"
"Dec2013","FD","DMK","KKC","62","10416","168.0","3410","367.0"
"Dec2013","FD","DMK","URT","124","20832","168.0","8835","552.0"
"Dec2013","FD","HKT","CNX","62","10416","168.0","7130","1181.0"
"Dec2013","FD","KBV","CNX","17","2856","168.0","2105","1181.0"
"Dec2013","FD","KKC","DMK","62","10416","168.0","3410","367.0"
"Dec2013","FD","URT","DMK","124","20832","168.0","9145","552.0"
"Dec2013","K8","CNX","HGN","93","1116","12.0","3255","119.0"
"Dec2013","K8","HGN","CNX","93","1116","12.0","2945","119.0"
"Dec2013","PG","BKK","CNX","207.0","32598.0","157.47826086956522","15525.0","565.0"
"Dec2013","PG","BKK","KBV","93.0","14784.0","158.96774193548387","7750.0","649.0"
"Dec2013","PG","BKK","UTH","62","8556","138.0","4030","451.0"
"Dec2013","PG","CNX","BKK","198.0","31356.0","158.36363636363637","15840.0","565.0"
"Dec2013","PG","KBV","BKK","93.0","14784.0","158.96774193548387","7905.0","649.0"
"Dec2013","PG","UTH","BKK","62","8556","138.0","4030","451.0"
"Jan2014","8B","BKK","HKT","6","1506","251.0","480","673.0"
"Jan2014","8B","HKT","BKK","6","1506","251.0","480","673.0"
"Jan2014","DD","CEI","DMK","155","29295","189.0","11625","666.0"
"Jan2014","DD","CJM","DMK","62","2108","34.0","4340","380.0"
"Jan2014","DD","CNX","DMK","280","52920","189.0","18195","565.0"
"Jan2014","DD","DMK","CNX","280","52920","189.0","19445","565.0"
"Jan2014","DD","DMK","CEI","155","29295","189.0","11625","666.0"
"Jan2014","DD","DMK","CJM","62","2108","34.0","4340","380.0"
"Jan2014","DD","DMK","KBV","62","11718","189.0","4805","666.0"
"Jan2014","DD","DMK","NNT","93.0","5146.0","55.333333333333336","8835.0","541.0"
"Jan2014","DD","DMK","HKT","124","23436","189.0","9765","689.0"
"Jan2014","DD","DMK","SNO","31","5859","189.0","2170","521.0"
"Jan2014","DD","DMK","UBP","186","35154","189.0","12090","483.0"
"Jan2014","DD","DMK","UTH","186","35154","189.0","12090","451.0"
"Jan2014","DD","HKT","DMK","124","23436","189.0","9920","689.0"
"Jan2014","DD","KBV","DMK","62","11718","189.0","4960","666.0"
"Jan2014","DD","NNT","DMK","93.0","5146.0","55.333333333333336","8835.0","541.0"
"Jan2014","DD","SNO","DMK","31","5859","189.0","2170","521.0"
"Jan2014","DD","UBP","DMK","186","35154","189.0","11160","483.0"
"Jan2014","DD","UTH","DMK","186","35154","189.0","11160","451.0"
"Jan2014","FD","CEI","DMK","129","21672","168.0","10140","666.0"
"Jan2014","FD","CNX","KBV","31","5208","168.0","3565","1181.0"
"Jan2014","FD","CNX","HKT","62","10416","168.0","7750","1181.0"
"Jan2014","FD","DMK","CEI","129","21672","168.0","10295","666.0"
"Jan2014","FD","DMK","KKC","62","10416","168.0","3410","367.0"
"Jan2014","FD","DMK","KOP","31","5208","168.0","2325","579.0"
"Jan2014","FD","DMK","URT","124","20832","168.0","8835","552.0"
"Jan2014","FD","HKT","CNX","62","10416","168.0","7130","1181.0"
"Jan2014","FD","KBV","CNX","31","5208","168.0","3255","1181.0"
"Jan2014","FD","KKC","DMK","62","10416","168.0","3410","367.0"
"Jan2014","FD","KOP","DMK","31","5208","168.0","2325","579.0"
"Jan2014","FD","URT","DMK","124","20832","168.0","9145","552.0"
"Jan2014","K8","CNX","HGN","93","1116","12.0","3255","119.0"
"Jan2014","K8","CNX","PYY","13","156","12.0","325","87.0"
"Jan2014","K8","HGN","CNX","93","1116","12.0","2945","119.0"
"Jan2014","K8","PYY","CNX","13","156","12.0","325","87.0"
"Jan2014","PG","BKK","KBV","93.0","15024.0","161.5483870967742","7750.0","649.0"
"Jan2014","PG","BKK","UTH","62","8556","138.0","4030","451.0"
"Jan2014","PG","KBV","BKK","93.0","15024.0","161.5483870967742","7905.0","649.0"
"Jan2014","PG","UTH","BKK","62","8556","138.0","4030","451.0"
"Feb2014","DD","CEI","DMK","140","26460","189.0","10500","666.0"
"Feb2014","DD","CNX","DMK","224","42336","189.0","14560","565.0"
"Feb2014","DD","DMK","CNX","224","42336","189.0","15680","565.0"
"Feb2014","DD","DMK","CEI","140","26460","189.0","10500","666.0"
"Feb2014","DD","DMK","NNT","84.0","4648.0","55.333333333333336","7980.0","541.0"
"Feb2014","DD","DMK","HKT","112","21168","189.0","8820","689.0"
"Feb2014","DD","DMK","SNO","28","5292","189.0","1960","521.0"
"Feb2014","DD","DMK","UBP","168","31752","189.0","10920","483.0"
"Feb2014","DD","DMK","UTH","168","31752","189.0","10920","451.0"
"Feb2014","DD","HKT","DMK","112","21168","189.0","8960","689.0"
"Feb2014","DD","NNT","DMK","84.0","4648.0","55.333333333333336","7980.0","541.0"
"Feb2014","DD","SNO","DMK","28","5292","189.0","1960","521.0"
"Feb2014","DD","UBP","DMK","168","31752","189.0","10080","483.0"
"Feb2014","DD","UTH","DMK","168","31752","189.0","10080","451.0"
"Feb2014","FD","CNX","KBV","28","4704","168.0","3220","1181.0"
"Feb2014","FD","CNX","HKT","56","9408","168.0","7000","1181.0"
"Feb2014","FD","DMK","KKC","56","9408","168.0","3080","367.0"
"Feb2014","FD","DMK","KOP","28","4704","168.0","2100","579.0"
"Feb2014","FD","DMK","URT","112","18816","168.0","7980","552.0"
"Feb2014","FD","HKT","CNX","56","9408","168.0","6440","1181.0"
"Feb2014","FD","KBV","CNX","28","4704","168.0","2940","1181.0"
"Feb2014","FD","KKC","DMK","56","9408","168.0","3080","367.0"
"Feb2014","FD","KOP","DMK","28","4704","168.0","2100","579.0"
"Feb2014","FD","URT","DMK","112","18816","168.0","8260","552.0"
"Feb2014","K8","CEI","CNX","4","48","12.0","140","153.0"
"Feb2014","K8","CNX","CEI","4","48","12.0","140","153.0"
"Feb2014","K8","CNX","KKC","3","36","12.0","345","480.0"
"Feb2014","K8","CNX","HGN","84","1008","12.0","2940","119.0"
"Feb2014","K8","CNX","PYY","12","144","12.0","300","87.0"
"Feb2014","K8","HGN","CNX","84","1008","12.0","2660","119.0"
"Feb2014","K8","KKC","CNX","3","36","12.0","300","480.0"
"Feb2014","K8","PYY","CNX","12","144","12.0","300","87.0"
"Feb2014","PG","BKK","USM","562.0","65672.0","116.8540925266904","40490.0","465.0"
"Feb2014","PG","BKK","KBV","84","13608","162.0","7000","649.0"
"Feb2014","PG","KBV","BKK","84","13608","162.0","7140","649.0"
"Feb2014","PG","USM","BKK","562.0","65672.0","116.8540925266904","40630.0","465.0"
"Mar2014","DD","BFV","DMK","22","748","34.0","1430","296.0"
"Mar2014","DD","CJM","DMK","48.0","1664.0","34.666666666666664","3360.0","380.0"
"Mar2014","DD","CNX","DMK","220","41580","189.0","14300","565.0"
"Mar2014","DD","DMK","BFV","22","748","34.0","1430","296.0"
"Mar2014","DD","DMK","CNX","220","41580","189.0","15400","565.0"
"Mar2014","DD","DMK","CJM","48.0","1664.0","34.666666666666664","3355.0","380.0"
"Mar2014","DD","DMK","KBV","64","12096","189.0","4975","666.0"
"Mar2014","DD","DMK","LOE","61.0","3066.0","50.26229508196721","4575.0","410.0"
"Mar2014","DD","DMK","NNT","92.0","5560.0","60.43478260869565","8740.0","541.0"
"Mar2014","DD","DMK","HKT","126","23814","189.0","9935","689.0"
"Mar2014","DD","DMK","UNN","61","4026","66.0","5795","497.0"
"Mar2014","DD","DMK","ROI","61.0","3189.0","52.278688524590166","4550.0","418.0"
"Mar2014","DD","DMK","SNO","31","5859","189.0","2170","521.0"
"Mar2014","DD","DMK","TST","91","17199","189.0","7280","718.0"
"Mar2014","DD","DMK","UBP","186","35154","189.0","12090","483.0"
"Mar2014","DD","DMK","UTH","188","35532","189.0","12220","451.0"
"Mar2014","DD","HKT","DMK","126","23814","189.0","10080","689.0"
"Mar2014","DD","KBV","DMK","64","12096","189.0","5120","666.0"
"Mar2014","DD","LOE","DMK","61.0","3066.0","50.26229508196721","4575.0","410.0"
"Mar2014","DD","NNT","DMK","92.0","5560.0","60.43478260869565","8740.0","541.0"
"Mar2014","DD","ROI","DMK","61.0","3189.0","52.278688524590166","4560.0","418.0"
"Mar2014","DD","SNO","DMK","31","5859","189.0","2170","521.0"
"Mar2014","DD","TST","DMK","91","17199","189.0","7280","718.0"
"Mar2014","DD","UBP","DMK","186","35154","189.0","11160","483.0"
"Mar2014","DD","UNN","DMK","61","4026","66.0","5795","497.0"
"Mar2014","DD","UTH","DMK","188","35532","189.0","11280","451.0"
"Mar2014","FD","CNX","KBV","31","5208","168.0","3565","1181.0"
"Mar2014","FD","CNX","HKT","62","10416","168.0","7750","1181.0"
"Mar2014","FD","DMK","KKC","62","10416","168.0","3410","367.0"
"Mar2014","FD","DMK","KOP","31","5208","168.0","2335","579.0"
"Mar2014","FD","DMK","HKT","372","62496","168.0","29895","689.0"
"Mar2014","FD","DMK","URT","124","20832","168.0","8825","552.0"
"Mar2014","FD","HKT","DMK","372","62496","168.0","30005","689.0"
"Mar2014","FD","HKT","CNX","62","10416","168.0","7160","1181.0"
"Mar2014","FD","KBV","CNX","31","5208","168.0","3255","1181.0"
"Mar2014","FD","KKC","DMK","62","10416","168.0","3410","367.0"
"Mar2014","FD","KOP","DMK","31","5208","168.0","2335","579.0"
"Mar2014","FD","URT","DMK","124","20832","168.0","9125","552.0"
"Mar2014","K8","CEI","CNX","4","48","12.0","140","153.0"
"Mar2014","K8","CNX","CEI","4","48","12.0","140","153.0"
"Mar2014","K8","CNX","HGN","93","1116","12.0","3255","119.0"
"Mar2014","K8","CNX","PYY","14","168","12.0","350","87.0"
"Mar2014","K8","HGN","CNX","93","1116","12.0","2945","119.0"
"Mar2014","K8","PYY","CNX","14","168","12.0","350","87.0"
"Mar2014","PG","BKK","CEI","8.0","1200.0","150.0","640.0","666.0"
"Mar2014","PG","BKK","KBV","93.0","15006.0","161.3548387096774","7760.0","649.0"
"Mar2014","PG","CEI","BKK","8.0","1200.0","150.0","640.0","666.0"
"Mar2014","PG","HKT","USM","153","10710","70.0","8415","249.0"
"Mar2014","PG","KBV","BKK","93.0","15006.0","161.3548387096774","7905.0","649.0"
"Mar2014","PG","USM","HKT","153","10710","70.0","9180","249.0"
"Mar2014","SL","CNX","DMK","91.0","19243.0","211.46153846153845","6825.0","565.0"
"Mar2014","SL","DMK","CNX","91.0","19243.0","211.46153846153845","6825.0","565.0"
"Mar2014","SL","DMK","HDY","66.0","13224.0","200.36363636363637","5280.0","772.0"
"Mar2014","SL","HDY","DMK","66.0","13224.0","200.36363636363637","5280.0","772.0"
"Apr2014","DD","BFV","DMK","13","858","66.0","845","296.0"
"Apr2014","DD","CJM","DMK","30","1980","66.0","2100","380.0"
"Apr2014","DD","DMK","BFV","13","858","66.0","845","296.0"
"Apr2014","DD","DMK","CJM","30","1980","66.0","1950","380.0"
"Apr2014","DD","DMK","LOE","30","1980","66.0","2250","410.0"
"Apr2014","DD","DMK","MAQ","60","3960","66.0","4350","380.0"
"Apr2014","DD","DMK","NNT","60","3960","66.0","5700","541.0"
"Apr2014","DD","DMK","PRH","17","1122","66.0","1360","470.0"
"Apr2014","DD","DMK","UNN","30","1980","66.0","2850","497.0"
"Apr2014","DD","DMK","ROI","30","5670","189.0","1500","418.0"
"Apr2014","DD","DMK","SNO","30","5670","189.0","2100","521.0"
"Apr2014","DD","DMK","TST","60","11340","189.0","4800","718.0"
"Apr2014","DD","DMK","UBP","180","34020","189.0","11700","483.0"
"Apr2014","DD","DMK","UTH","210","39690","189.0","13650","451.0"
"Apr2014","DD","LOE","DMK","30","1980","66.0","2250","410.0"
"Apr2014","DD","MAQ","DMK","60","3960","66.0","4500","380.0"
"Apr2014","DD","NNT","DMK","60","3960","66.0","5700","541.0"
"Apr2014","DD","PRH","DMK","17","1122","66.0","1360","470.0"
"Apr2014","DD","ROI","DMK","30","5670","189.0","1800","418.0"
"Apr2014","DD","SNO","DMK","30","5670","189.0","2100","521.0"
"Apr2014","DD","TST","DMK","60","11340","189.0","4800","718.0"
"Apr2014","DD","UBP","DMK","180","34020","189.0","10800","483.0"
"Apr2014","DD","UNN","DMK","30","1980","66.0","2850","497.0"
"Apr2014","DD","UTH","DMK","210","39690","189.0","12600","451.0"
"Apr2014","FD","CNX","DMK","330","55440","168.0","24710","565.0"
"Apr2014","FD","CNX","KBV","30","5040","168.0","3620","1181.0"
"Apr2014","FD","CNX","HKT","60","10080","168.0","7500","1181.0"
"Apr2014","FD","DMK","CNX","330","55440","168.0","24045","565.0"
"Apr2014","FD","DMK","HDY","250","42000","168.0","20200","772.0"
"Apr2014","FD","DMK","KKC","77","12936","168.0","4150","367.0"
"Apr2014","FD","DMK","KBV","220","36960","168.0","16695","666.0"
"Apr2014","FD","DMK","KOP","30","5040","168.0","2230","579.0"
"Apr2014","FD","DMK","HKT","377","63336","168.0","30225","689.0"
"Apr2014","FD","DMK","URT","120","20160","168.0","8315","552.0"
"Apr2014","FD","DMK","TST","80","13440","168.0","6395","718.0"
"Apr2014","FD","HDY","DMK","250","42000","168.0","21725","772.0"
"Apr2014","FD","HKT","DMK","377","63336","168.0","31235","689.0"
"Apr2014","FD","HKT","CNX","60","10080","168.0","7350","1181.0"
"Apr2014","FD","KBV","DMK","220","36960","168.0","17350","666.0"
"Apr2014","FD","KBV","CNX","30","5040","168.0","3235","1181.0"
"Apr2014","FD","KKC","DMK","77","12936","168.0","4150","367.0"
"Apr2014","FD","KOP","DMK","30","5040","168.0","2145","579.0"
"Apr2014","FD","TST","DMK","80","13440","168.0","6230","718.0"
"Apr2014","FD","URT","DMK","120","20160","168.0","8380","552.0"
"Apr2014","PG","BKK","USM","618.0","71502.0","115.69902912621359","44495.0","465.0"
"Apr2014","PG","BKK","KBV","90.0","14004.0","155.6","7650.0","649.0"
"Apr2014","PG","BKK","HKT","238.0","38388.0","161.2941176470588","20230.0","673.0"
"Apr2014","PG","HKT","BKK","238.0","38388.0","161.2941176470588","20230.0","673.0"
"Apr2014","PG","KBV","BKK","90.0","14004.0","155.6","7650.0","649.0"
"Apr2014","PG","USM","BKK","619.0","71646.0","115.74474959612277","44735.0","465.0"
"Apr2014","SL","CNX","DMK","210","45150","215.0","15750","565.0"
"Apr2014","SL","DMK","CNX","210","45150","215.0","15750","565.0"
"Apr2014","SL","DMK","HDY","168","36120","215.0","13440","772.0"
"Apr2014","SL","HDY","DMK","168","36120","215.0","13440","772.0"
"Apr2014","WE","BKK","HDY","28","4536","162.0","2450","750.0"
"Apr2014","WE","BKK","KBV","21","3402","162.0","1680","649.0"
"Apr2014","WE","BKK","HKT","7","1176","168.0","560","673.0"
"Apr2014","WE","BKK","URT","14","2268","162.0","1050","536.0"
"Apr2014","WE","BKK","UBP","14","2268","162.0","910","476.0"
"Apr2014","WE","BKK","UTH","28","4536","162.0","1820","451.0"
"Apr2014","WE","CNX","HKT","7","1176","168.0","805","1181.0"
"Apr2014","WE","HDY","BKK","28","4536","162.0","2380","750.0"
"Apr2014","WE","HKT","BKK","7","1176","168.0","595","673.0"
"Apr2014","WE","KBV","BKK","21","3402","162.0","1680","649.0"
"Apr2014","WE","UBP","BKK","14","2268","162.0","910","476.0"
"Apr2014","WE","URT","BKK","14","2268","162.0","980","536.0"
"Apr2014","WE","UTH","BKK","28","4536","162.0","1680","451.0"
"Apr2014","WE","BKK","HDY","40","6480","162.0","3500","750.0"
"Apr2014","WE","BKK","HKT","10","1680","168.0","800","673.0"
"Apr2014","WE","BKK","URT","20","3240","162.0","1500","536.0"
"Apr2014","WE","BKK","UBP","20","3240","162.0","1300","476.0"
"Apr2014","WE","BKK","UTH","40","6480","162.0","2600","451.0"
"Apr2014","WE","CNX","HKT","10","1680","168.0","1150","1181.0"
"Apr2014","WE","HDY","BKK","40","6480","162.0","3400","750.0"
"Apr2014","WE","HKT","BKK","10","1680","168.0","850","673.0"
"Apr2014","WE","UBP","BKK","20","3240","162.0","1300","476.0"
"Apr2014","WE","URT","BKK","20","3240","162.0","1400","536.0"
"Apr2014","WE","UTH","BKK","40","6480","162.0","2400","451.0"
"May2014","DD","BFV","DMK","14","924","66.0","910","296.0"
"May2014","DD","CJM","DMK","31","2046","66.0","2170","380.0"
"May2014","DD","DMK","BFV","14","924","66.0","910","296.0"
"May2014","DD","DMK","CJM","31","2046","66.0","2015","380.0"
"May2014","DD","DMK","LOE","31","2046","66.0","2325","410.0"
"May2014","DD","DMK","MAQ","62","4092","66.0","4495","380.0"
"May2014","DD","DMK","NNT","62","4092","66.0","5890","541.0"
"May2014","DD","DMK","PRH","17","1122","66.0","1360","470.0"
"May2014","DD","DMK","UNN","31","2046","66.0","2945","497.0"
"May2014","DD","DMK","ROI","31","5859","189.0","1550","418.0"
"May2014","DD","DMK","SNO","31","5859","189.0","2170","521.0"
"May2014","DD","DMK","TST","62","11718","189.0","4960","718.0"
"May2014","DD","DMK","UBP","186","35154","189.0","12090","483.0"
"May2014","DD","DMK","UTH","217","41013","189.0","14105","451.0"
"May2014","DD","LOE","DMK","31","2046","66.0","2325","410.0"
"May2014","DD","MAQ","DMK","62","4092","66.0","4650","380.0"
"May2014","DD","NNT","DMK","62","4092","66.0","5890","541.0"
"May2014","DD","PRH","DMK","17","1122","66.0","1360","470.0"
"May2014","DD","ROI","DMK","31","5859","189.0","1860","418.0"
"May2014","DD","SNO","DMK","31","5859","189.0","2170","521.0"
"May2014","DD","TST","DMK","62","11718","189.0","4960","718.0"
"May2014","DD","UBP","DMK","186","35154","189.0","11160","483.0"
"May2014","DD","UNN","DMK","31","2046","66.0","2945","497.0"
"May2014","DD","UTH","DMK","217","41013","189.0","13020","451.0"
"May2014","FD","CNX","DMK","279","46872","168.0","20925","565.0"
"May2014","FD","CNX","KBV","31","5208","168.0","3875","1181.0"
"May2014","FD","CNX","HKT","62","10416","168.0","7750","1181.0"
"May2014","FD","DMK","CNX","279","46872","168.0","19995","565.0"
"May2014","FD","DMK","HDY","217","36456","168.0","17360","772.0"
"May2014","FD","DMK","KKC","93","15624","168.0","4960","367.0"
"May2014","FD","DMK","KOP","31","5208","168.0","2170","579.0"
"May2014","FD","DMK","HKT","403","67704","168.0","32385","689.0"
"May2014","FD","DMK","URT","124","20832","168.0","8525","552.0"
"May2014","FD","HDY","DMK","217","36456","168.0","18665","772.0"
"May2014","FD","HKT","DMK","403","67704","168.0","32885","689.0"
"May2014","FD","HKT","CNX","62","10416","168.0","7595","1181.0"
"May2014","FD","KBV","CNX","31","5208","168.0","3410","1181.0"
"May2014","FD","KKC","DMK","93","15624","168.0","4960","367.0"
"May2014","FD","KOP","DMK","31","5208","168.0","2015","579.0"
"May2014","FD","URT","DMK","124","20832","168.0","8525","552.0"
"May2014","K8","CNX","NNT","9","108","12.0","405","192.0"
"May2014","K8","CNX","PYY","14","168","12.0","350","87.0"
"May2014","K8","CNX","PHS","17","204","12.0","1020","259.0"
"May2014","K8","NNT","CNX","9","108","12.0","405","192.0"
"May2014","K8","PHS","CNX","17","204","12.0","1020","259.0"
"May2014","K8","PYY","CNX","14","168","12.0","350","87.0"
"May2014","PG","BKK","USM","517.0","64136.0","124.0541586073501","35525.0","465.0"
"May2014","PG","BKK","KBV","93.0","14508.0","156.0","7905.0","649.0"
"May2014","PG","KBV","BKK","93.0","14508.0","156.0","7905.0","649.0"
"May2014","PG","USM","BKK","518.0","64206.0","123.94980694980696","35770.0","465.0"
"May2014","SL","CNX","DMK","217","46655","215.0","16275","565.0"
"May2014","SL","DMK","CNX","217","46655","215.0","16275","565.0"
"May2014","SL","DMK","HDY","155","33325","215.0","12400","772.0"
"May2014","SL","HDY","DMK","155","33325","215.0","12400","772.0"
"May2014","TG","BKK","KBV","62","18910","305.0","4960","649.0"
"May2014","TG","KBV","BKK","62","18910","305.0","4960","649.0"
"May2014","WE","BKK","CNX","31","5208","168.0","2170","565.0"
"May2014","WE","BKK","CEI","16","2592","162.0","1280","666.0"
"May2014","WE","BKK","HDY","124","20088","162.0","10850","750.0"
"May2014","WE","BKK","HKT","15","2520","168.0","1200","673.0"
"May2014","WE","BKK","UBP","62","10044","162.0","4030","476.0"
"May2014","WE","CEI","BKK","16","2592","162.0","1280","666.0"
"May2014","WE","CNX","BKK","31","5208","168.0","2170","565.0"
"May2014","WE","HDY","BKK","124","20088","162.0","10540","750.0"
"May2014","WE","HKT","BKK","15","2520","168.0","1275","673.0"
"May2014","WE","UBP","BKK","62","10044","162.0","4030","476.0"
"Jun2014","DD","BFV","DMK","12","792","66.0","780","296.0"
"Jun2014","DD","CJM","DMK","30","1980","66.0","2100","380.0"
"Jun2014","DD","DMK","BFV","12","792","66.0","780","296.0"
"Jun2014","DD","DMK","CJM","30","1980","66.0","1950","380.0"
"Jun2014","DD","DMK","LOE","30.0","2103.0","70.1","2240.0","410.0"
"Jun2014","DD","DMK","MAQ","60","3960","66.0","4355","380.0"
"Jun2014","DD","DMK","NNT","60.0","4083.0","68.05","5670.0","541.0"
"Jun2014","DD","DMK","PRH","18","1188","66.0","1435","470.0"
"Jun2014","DD","DMK","HKT","149","28161","189.0","11925","689.0"
"Jun2014","DD","DMK","UNN","30.0","2103.0","70.1","2820.0","497.0"
"Jun2014","DD","DMK","ROI","30","5670","189.0","1510","418.0"
"Jun2014","DD","DMK","SNO","30","5670","189.0","2100","521.0"
"Jun2014","DD","DMK","TST","60","11340","189.0","4800","718.0"
"Jun2014","DD","DMK","UBP","180","34020","189.0","11700","483.0"
"Jun2014","DD","HKT","DMK","149","28161","189.0","11920","689.0"
"Jun2014","DD","LOE","DMK","30.0","2103.0","70.1","2235.0","410.0"
"Jun2014","DD","MAQ","DMK","60","3960","66.0","4495","380.0"
"Jun2014","DD","NNT","DMK","60.0","4083.0","68.05","5670.0","541.0"
"Jun2014","DD","PRH","DMK","18","1188","66.0","1440","470.0"
"Jun2014","DD","ROI","DMK","30","5670","189.0","1795","418.0"
"Jun2014","DD","SNO","DMK","30","5670","189.0","2095","521.0"
"Jun2014","DD","TST","DMK","60","11340","189.0","4800","718.0"
"Jun2014","DD","UBP","DMK","180","34020","189.0","10800","483.0"
"Jun2014","DD","UNN","DMK","30.0","2103.0","70.1","2820.0","497.0"
"Jun2014","FD","CEI","DMK","106","19080","180.0","8590","666.0"
"Jun2014","FD","CNX","DMK","226","40680","180.0","17060","565.0"
"Jun2014","FD","CNX","KBV","30","5400","180.0","3750","1181.0"
"Jun2014","FD","CNX","HKT","60","10800","180.0","7500","1181.0"
"Jun2014","FD","DMK","CNX","226","40680","180.0","16380","565.0"
"Jun2014","FD","DMK","CEI","106","19080","180.0","8440","666.0"
"Jun2014","FD","DMK","HDY","210","37800","180.0","16800","772.0"
"Jun2014","FD","DMK","KKC","90","16200","180.0","4800","367.0"
"Jun2014","FD","DMK","KOP","30","5400","180.0","2100","579.0"
"Jun2014","FD","DMK","NST","98","17640","180.0","7010","610.0"
"Jun2014","FD","DMK","HKT","360","64800","180.0","28870","689.0"
"Jun2014","FD","DMK","URT","128","23040","180.0","8810","552.0"
"Jun2014","FD","HDY","DMK","210","37800","180.0","18150","772.0"
"Jun2014","FD","HKT","DMK","360","64800","180.0","29250","689.0"
"Jun2014","FD","HKT","CNX","60","10800","180.0","7350","1181.0"
"Jun2014","FD","KBV","CNX","30","5400","180.0","3300","1181.0"
"Jun2014","FD","KKC","DMK","90","16200","180.0","4800","367.0"
"Jun2014","FD","KOP","DMK","30","5400","180.0","1950","579.0"
"Jun2014","FD","NST","DMK","98","17640","180.0","7350","610.0"
"Jun2014","FD","URT","DMK","128","23040","180.0","8810","552.0"
"Jun2014","PG","BKK","USM","479.0","58150.0","121.39874739039666","33485.0","465.0"
"Jun2014","PG","BKK","KBV","90.0","14040.0","156.0","7650.0","649.0"
"Jun2014","PG","KBV","BKK","90.0","14040.0","156.0","7650.0","649.0"
"Jun2014","PG","USM","BKK","479.0","58144.0","121.38622129436325","33635.0","465.0"
"Jun2014","SL","CNX","DMK","210","45150","215.0","15975","565.0"
"Jun2014","SL","DMK","CNX","210","45150","215.0","15750","565.0"
"Jun2014","SL","DMK","HDY","171","36765","215.0","14310","772.0"
"Jun2014","SL","HDY","DMK","171","36765","215.0","14640","772.0"
"Jun2014","TG","BKK","KBV","60.0","13620.0","227.0","4800.0","649.0"
"Jun2014","TG","KBV","BKK","60.0","13620.0","227.0","4800.0","649.0"
"Jun2014","WE","BKK","CEI","30","4860","162.0","2400","666.0"
"Jun2014","WE","BKK","HDY","98","15876","162.0","8630","750.0"
"Jun2014","WE","BKK","HKT","22","3564","162.0","1760","673.0"
"Jun2014","WE","BKK","UBP","60","9720","162.0","3900","476.0"
"Jun2014","WE","BKK","UTH","91","14742","162.0","5915","451.0"
"Jun2014","WE","CEI","BKK","30","4860","162.0","2400","666.0"
"Jun2014","WE","HDY","BKK","98","15876","162.0","8330","750.0"
"Jun2014","WE","HKT","BKK","22","3564","162.0","1905","673.0"
"Jun2014","WE","UBP","BKK","60","9720","162.0","3900","476.0"
"Jun2014","WE","UTH","BKK","91","14742","162.0","5460","451.0"
"Jul2014","DD","BFV","DMK","14","924","66.0","910","296.0"
"Jul2014","DD","CJM","DMK","31","2046","66.0","2170","380.0"
"Jul2014","DD","CNX","DMK","186.0","35398.0","190.31182795698925","12100.0","565.0"
"Jul2014","DD","DMK","BFV","14","924","66.0","910","296.0"
"Jul2014","DD","DMK","CNX","186.0","35398.0","190.31182795698925","13015.0","565.0"
"Jul2014","DD","DMK","CJM","31","2046","66.0","2015","380.0"
"Jul2014","DD","DMK","KKC","62","11718","189.0","3410","367.0"
"Jul2014","DD","DMK","KBV","62","11718","189.0","4960","666.0"
"Jul2014","DD","DMK","LOE","31","5859","189.0","2015","410.0"
"Jul2014","DD","DMK","MAQ","62","4092","66.0","4495","380.0"
"Jul2014","DD","DMK","NST","155","29295","189.0","10540","610.0"
"Jul2014","DD","DMK","NNT","62.0","7905.0","127.5","4980.0","541.0"
"Jul2014","DD","DMK","PRH","17","1122","66.0","1465","470.0"
"Jul2014","DD","DMK","HKT","124","23436","189.0","10075","689.0"
"Jul2014","DD","DMK","UNN","31.0","2538.0","81.87096774193549","2845.0","497.0"
"Jul2014","DD","DMK","ROI","31","5859","189.0","1860","418.0"
"Jul2014","DD","DMK","SNO","53","10017","189.0","3710","521.0"
"Jul2014","DD","DMK","TST","62","11718","189.0","4960","718.0"
"Jul2014","DD","DMK","UBP","208","39312","189.0","13520","483.0"
"Jul2014","DD","DMK","UTH","217","41013","189.0","14105","451.0"
"Jul2014","DD","HKT","DMK","124","23436","189.0","9920","689.0"
"Jul2014","DD","KBV","DMK","62","11718","189.0","4960","666.0"
"Jul2014","DD","KKC","DMK","62","11718","189.0","3410","367.0"
"Jul2014","DD","LOE","DMK","31","5859","189.0","1860","410.0"
"Jul2014","DD","MAQ","DMK","62","4092","66.0","4650","380.0"
"Jul2014","DD","NNT","DMK","62.0","7905.0","127.5","4980.0","541.0"
"Jul2014","DD","NST","DMK","155","29295","189.0","10695","610.0"
"Jul2014","DD","PRH","DMK","17","1122","66.0","1360","470.0"
"Jul2014","DD","ROI","DMK","31","5859","189.0","1705","418.0"
"Jul2014","DD","SNO","DMK","53","10017","189.0","3555","521.0"
"Jul2014","DD","TST","DMK","62","11718","189.0","4960","718.0"
"Jul2014","DD","UBP","DMK","208","39312","189.0","12480","483.0"
"Jul2014","DD","UNN","DMK","31.0","2538.0","81.87096774193549","2845.0","497.0"
"Jul2014","DD","UTH","DMK","217","41013","189.0","13020","451.0"
"Jul2014","FD","CEI","DMK","105","18900","180.0","8525","666.0"
"Jul2014","FD","CNX","DMK","230","41400","180.0","17370","565.0"
"Jul2014","FD","CNX","KBV","31","5580","180.0","3875","1181.0"
"Jul2014","FD","CNX","HKT","79","14220","180.0","9790","1181.0"
"Jul2014","FD","DMK","CNX","230","41400","180.0","16680","565.0"
"Jul2014","FD","DMK","CEI","105","18900","180.0","8370","666.0"
"Jul2014","FD","DMK","HDY","192","34560","180.0","15235","772.0"
"Jul2014","FD","DMK","KKC","93","16740","180.0","4960","367.0"
"Jul2014","FD","DMK","KBV","161","28980","180.0","11950","666.0"
"Jul2014","FD","DMK","KOP","31","5580","180.0","2170","579.0"
"Jul2014","FD","DMK","HKT","372","66960","180.0","29835","689.0"
"Jul2014","FD","HDY","DMK","192","34560","180.0","16630","772.0"
"Jul2014","FD","HKT","DMK","372","66960","180.0","30225","689.0"
"Jul2014","FD","HKT","CNX","79","14220","180.0","9635","1181.0"
"Jul2014","FD","KBV","DMK","161","28980","180.0","12540","666.0"
"Jul2014","FD","KBV","CNX","31","5580","180.0","3410","1181.0"
"Jul2014","FD","KKC","DMK","93","16740","180.0","4960","367.0"
"Jul2014","FD","KOP","DMK","31","5580","180.0","2015","579.0"
"Jul2014","K8","CNX","NNT","8","96","12.0","360","192.0"
"Jul2014","K8","CNX","PYY","12","144","12.0","300","87.0"
"Jul2014","K8","CNX","PHS","17","204","12.0","1020","259.0"
"Jul2014","K8","NNT","CNX","8","96","12.0","360","192.0"
"Jul2014","K8","PHS","CNX","17","204","12.0","1020","259.0"
"Jul2014","K8","PYY","CNX","12","144","12.0","300","87.0"
"Jul2014","PG","BKK","CEI","62.0","9918.0","159.96774193548387","4960.0","666.0"
"Jul2014","PG","BKK","USM","554.0","65410.0","118.06859205776173","39405.0","465.0"
"Jul2014","PG","BKK","KBV","93.0","14976.0","161.03225806451613","7900.0","649.0"
"Jul2014","PG","BKK","HKT","237.0","38046.0","160.53164556962025","20145.0","673.0"
"Jul2014","PG","CEI","BKK","62.0","9918.0","159.96774193548387","4960.0","666.0"
"Jul2014","PG","HKT","BKK","237.0","38046.0","160.53164556962025","20145.0","673.0"
"Jul2014","PG","KBV","BKK","93.0","14976.0","161.03225806451613","7905.0","649.0"
"Jul2014","PG","USM","BKK","579.0","69084.0","119.3160621761658","41160.0","465.0"
"Jul2014","SL","CNX","DMK","217","46655","215.0","16740","565.0"
"Jul2014","SL","DMK","CNX","217","46655","215.0","16275","565.0"
"Jul2014","SL","DMK","HDY","201","43215","215.0","17395","772.0"
"Jul2014","SL","HDY","DMK","201","43215","215.0","18090","772.0"
"Jul2014","TG","BKK","KBV","62.0","15787.0","254.6290322580645","4960.0","649.0"
"Jul2014","TG","KBV","BKK","62.0","15787.0","254.6290322580645","4960.0","649.0"
"Jul2014","WE","BKK","CNX","62.0","10230.0","165.0","4340.0","565.0"
"Jul2014","WE","BKK","CEI","31","5022","162.0","2480","666.0"
"Jul2014","WE","BKK","UBP","62","10044","162.0","4030","476.0"
"Jul2014","WE","BKK","UTH","93","15066","162.0","6045","451.0"
"Jul2014","WE","CEI","BKK","31","5022","162.0","2480","666.0"
"Jul2014","WE","CNX","BKK","62.0","10230.0","165.0","4340.0","565.0"
"Jul2014","WE","UBP","BKK","62","10044","162.0","4030","476.0"
"Jul2014","WE","UTH","BKK","93","15066","162.0","5580","451.0"
"Aug2014","DD","BFV","DMK","13","858","66.0","845","296.0"
"Aug2014","DD","CJM","DMK","48","3168","66.0","3360","380.0"
"Aug2014","DD","CNX","DMK","186","35154","189.0","12090","565.0"
"Aug2014","DD","DMK","BFV","13","858","66.0","845","296.0"
"Aug2014","DD","DMK","CNX","186","35154","189.0","13020","565.0"
"Aug2014","DD","DMK","CJM","48","3168","66.0","3205","380.0"
"Aug2014","DD","DMK","KKC","62","11718","189.0","3410","367.0"
"Aug2014","DD","DMK","KBV","62","11718","189.0","4960","666.0"
"Aug2014","DD","DMK","LOE","48.0","7321.0","152.52083333333334","3290.0","410.0"
"Aug2014","DD","DMK","MAQ","79.0","5894.0","74.60759493670886","5790.0","380.0"
"Aug2014","DD","DMK","NST","155","29295","189.0","10540","610.0"
"Aug2014","DD","DMK","NNT","62.0","8245.0","132.98387096774192","4960.0","541.0"
"Aug2014","DD","DMK","PRH","18","1188","66.0","1480","470.0"
"Aug2014","DD","DMK","HKT","124","23436","189.0","10075","689.0"
"Aug2014","DD","DMK","UNN","48.0","5751.0","119.8125","3950.0","497.0"
"Aug2014","DD","DMK","ROI","31","5859","189.0","1860","418.0"
"Aug2014","DD","DMK","SNO","62","11718","189.0","4340","521.0"
"Aug2014","DD","DMK","TST","62","11718","189.0","4960","718.0"
"Aug2014","DD","DMK","UTH","234","44226","189.0","15210","451.0"
"Aug2014","DD","HKT","DMK","124","23436","189.0","9920","689.0"
"Aug2014","DD","KBV","DMK","62","11718","189.0","4960","666.0"
"Aug2014","DD","KKC","DMK","62","11718","189.0","3410","367.0"
"Aug2014","DD","LOE","DMK","48.0","7321.0","152.52083333333334","3135.0","410.0"
"Aug2014","DD","MAQ","DMK","79.0","5894.0","74.60759493670886","5670.0","380.0"
"Aug2014","DD","NNT","DMK","62.0","8245.0","132.98387096774192","4960.0","541.0"
"Aug2014","DD","NST","DMK","155","29295","189.0","10695","610.0"
"Aug2014","DD","PRH","DMK","18","1188","66.0","1440","470.0"
"Aug2014","DD","ROI","DMK","31","5859","189.0","1705","418.0"
"Aug2014","DD","SNO","DMK","62","11718","189.0","4185","521.0"
"Aug2014","DD","TST","DMK","62","11718","189.0","4960","718.0"
"Aug2014","DD","UNN","DMK","48.0","5751.0","119.8125","4035.0","497.0"
"Aug2014","DD","UTH","DMK","234","44226","189.0","14040","451.0"
"Aug2014","FD","CEI","DMK","103","18540","180.0","8395","666.0"
"Aug2014","FD","CNX","DMK","279","50220","180.0","20925","565.0"
"Aug2014","FD","CNX","KBV","31","5580","180.0","3875","1181.0"
"Aug2014","FD","DMK","CNX","279","50220","180.0","19995","565.0"
"Aug2014","FD","DMK","CEI","103","18540","180.0","8190","666.0"
"Aug2014","FD","DMK","HDY","217","39060","180.0","17360","772.0"
"Aug2014","FD","DMK","KBV","185","33300","180.0","13720","666.0"
"Aug2014","FD","DMK","KOP","31","5580","180.0","2170","579.0"
"Aug2014","FD","DMK","HKT","372","66960","180.0","29815","689.0"
"Aug2014","FD","HDY","DMK","217","39060","180.0","18755","772.0"
"Aug2014","FD","HKT","DMK","372","66960","180.0","30225","689.0"
"Aug2014","FD","KBV","DMK","185","33300","180.0","14340","666.0"
"Aug2014","FD","KBV","CNX","31","5580","180.0","3410","1181.0"
"Aug2014","FD","KOP","DMK","31","5580","180.0","2015","579.0"
"Aug2014","K8","CNX","HHQ","6","72","12.0","540","687.0"
"Aug2014","K8","CNX","KKC","5","60","12.0","500","480.0"
"Aug2014","K8","CNX","UBP","6","72","12.0","540","740.0"
"Aug2014","K8","HHQ","CNX","6","72","12.0","540","687.0"
"Aug2014","K8","KKC","CNX","5","60","12.0","500","480.0"
"Aug2014","K8","UBP","CNX","6","72","12.0","540","740.0"
"Aug2014","PG","BKK","CEI","62","10044","162.0","4960","666.0"
"Aug2014","PG","BKK","HKT","245","39690","162.0","20825","673.0"
"Aug2014","PG","CEI","BKK","62","10044","162.0","4960","666.0"
"Aug2014","PG","HKT","BKK","245","39690","162.0","20825","673.0"
"Aug2014","PG","KBV","BKK","93","15066","162.0","7905","649.0"
"Aug2014","SL","CNX","DMK","217","46655","215.0","16740","565.0"
"Aug2014","SL","DMK","CNX","217","46655","215.0","16275","565.0"
"Aug2014","SL","DMK","HDY","198","42570","215.0","17140","772.0"
"Aug2014","SL","HDY","DMK","198","42570","215.0","17820","772.0"
"Aug2014","TG","BKK","KBV","62.0","18898.0","304.80645161290323","4960.0","649.0"
"Aug2014","TG","KBV","BKK","62.0","18898.0","304.80645161290323","4960.0","649.0"
"Aug2014","WE","BKK","CNX","20.0","3300.0","165.0","1400.0","565.0"
"Aug2014","WE","BKK","KKC","30","4860","162.0","1650","367.0"
"Aug2014","WE","BKK","UBP","62","10044","162.0","4030","476.0"
"Aug2014","WE","BKK","UTH","93","15066","162.0","6045","451.0"
"Aug2014","WE","CNX","BKK","20.0","3300.0","165.0","1400.0","565.0"
"Aug2014","WE","CNX","DMK","63","10206","162.0","4725","565.0"
"Aug2014","WE","DMK","CNX","63","10206","162.0","4725","565.0"
"Aug2014","WE","DMK","KKC","63","10206","162.0","3465","367.0"
"Aug2014","WE","DMK","HKT","42","6804","162.0","3360","689.0"
"Aug2014","WE","HKT","DMK","42","6804","162.0","3570","689.0"
"Aug2014","WE","KKC","BKK","30","4860","162.0","1650","367.0"
"Aug2014","WE","KKC","DMK","63","10206","162.0","3465","367.0"
"Aug2014","WE","UBP","BKK","62","10044","162.0","4030","476.0"
"Aug2014","WE","UTH","BKK","93","15066","162.0","5580","451.0"
"Sep2014","DD","BFV","DMK","13","858","66.0","845","296.0"
"Sep2014","DD","CNX","DMK","227","42903","189.0","14755","565.0"
"Sep2014","DD","DMK","BFV","13","858","66.0","845","296.0"
"Sep2014","DD","DMK","CNX","227","42903","189.0","15890","565.0"
"Sep2014","DD","DMK","KKC","60","11340","189.0","3300","367.0"
"Sep2014","DD","DMK","KBV","60","11340","189.0","4800","666.0"
"Sep2014","DD","DMK","LOE","30","1980","66.0","2250","410.0"
"Sep2014","DD","DMK","MAQ","60","3960","66.0","4200","380.0"
"Sep2014","DD","DMK","NST","150","28350","189.0","10385","610.0"
"Sep2014","DD","DMK","NNT","60","3960","66.0","5550","541.0"
"Sep2014","DD","DMK","PRH","17","1122","66.0","1360","470.0"
"Sep2014","DD","DMK","HKT","120","22680","189.0","9750","689.0"
"Sep2014","DD","DMK","UNN","30","5670","189.0","2100","497.0"
"Sep2014","DD","DMK","ROI","30.0","3825.0","127.5","2025.0","418.0"
"Sep2014","DD","DMK","SNO","60","11340","189.0","4200","521.0"
"Sep2014","DD","DMK","TST","76","14364","189.0","6080","718.0"
"Sep2014","DD","HKT","DMK","120","22680","189.0","9600","689.0"
"Sep2014","DD","KBV","DMK","60","11340","189.0","4800","666.0"
"Sep2014","DD","KKC","DMK","60","11340","189.0","3300","367.0"
"Sep2014","DD","LOE","DMK","30","1980","66.0","2250","410.0"
"Sep2014","DD","MAQ","DMK","60","3960","66.0","4205","380.0"
"Sep2014","DD","NNT","DMK","60","3960","66.0","5550","541.0"
"Sep2014","DD","NST","DMK","150","28350","189.0","10455","610.0"
"Sep2014","DD","PRH","DMK","17","1122","66.0","1360","470.0"
"Sep2014","DD","ROI","DMK","30.0","3825.0","127.5","1950.0","418.0"
"Sep2014","DD","SNO","DMK","60","11340","189.0","4020","521.0"
"Sep2014","DD","TST","DMK","76","14364","189.0","6080","718.0"
"Sep2014","DD","UNN","DMK","30","5670","189.0","2100","497.0"
"Sep2014","FD","CEI","DMK","90","16200","180.0","7350","666.0"
"Sep2014","FD","CNX","DMK","180","32400","180.0","13650","565.0"
"Sep2014","FD","CNX","KBV","30","5400","180.0","3750","1181.0"
"Sep2014","FD","DMK","CNX","180","32400","180.0","13050","565.0"
"Sep2014","FD","DMK","CEI","90","16200","180.0","7200","666.0"
"Sep2014","FD","DMK","HDY","180","32400","180.0","14250","772.0"
"Sep2014","FD","DMK","KBV","120","21600","180.0","8850","666.0"
"Sep2014","FD","DMK","KOP","30","5400","180.0","2100","579.0"
"Sep2014","FD","DMK","HKT","360","64800","180.0","28870","689.0"
"Sep2014","FD","HDY","DMK","180","32400","180.0","15600","772.0"
"Sep2014","FD","HKT","DMK","360","64800","180.0","29250","689.0"
"Sep2014","FD","KBV","DMK","120","21600","180.0","9600","666.0"
"Sep2014","FD","KBV","CNX","30","5400","180.0","3300","1181.0"
"Sep2014","FD","KOP","DMK","30","5400","180.0","1950","579.0"
"Sep2014","K8","CNX","HHQ","8","96","12.0","720","687.0"
"Sep2014","K8","CNX","KKC","4","48","12.0","400","480.0"
"Sep2014","K8","CNX","UBP","8","96","12.0","720","740.0"
"Sep2014","K8","DMK","MAQ","1","12","12.0","60","380.0"
"Sep2014","K8","HHQ","CNX","8","96","12.0","720","687.0"
"Sep2014","K8","KKC","CNX","4","48","12.0","400","480.0"
"Sep2014","K8","MAQ","DMK","1","12","12.0","60","380.0"
"Sep2014","K8","UBP","CNX","8","96","12.0","720","740.0"
"Sep2014","PG","BKK","USM","567.0","66506.0","117.29453262786596","40430.0","465.0"
"Sep2014","PG","BKK","HKT","238","38556","162.0","20230","673.0"
"Sep2014","PG","HKT","BKK","238","38556","162.0","20230","673.0"
"Sep2014","PG","USM","BKK","566.0","66436.0","117.37809187279152","40490.0","465.0"
"Sep2014","SL","CNX","DMK","210","45150","215.0","16200","565.0"
"Sep2014","SL","DMK","CNX","210","45150","215.0","15750","565.0"
"Sep2014","SL","DMK","HDY","193","41495","215.0","16705","772.0"
"Sep2014","SL","DMK","HKT","16","3440","215.0","1360","689.0"
"Sep2014","SL","DMK","URT","16","3440","215.0","1120","552.0"
"Sep2014","SL","DMK","UTH","32","6880","215.0","2160","451.0"
"Sep2014","SL","HDY","DMK","193","41495","215.0","17370","772.0"
"Sep2014","SL","HKT","DMK","16","3440","215.0","1405","689.0"
"Sep2014","SL","URT","DMK","16","3440","215.0","1040","552.0"
"Sep2014","SL","UTH","DMK","32","6880","215.0","1920","451.0"
"Sep2014","TG","BKK","KBV","60","18300","305.0","4800","649.0"
"Sep2014","TG","KBV","BKK","60","18300","305.0","4800","649.0"
"Sep2014","WE","BKK","CEI","74","11988","162.0","5920","666.0"
"Sep2014","WE","BKK","UBP","60","9720","162.0","3900","476.0"
"Sep2014","WE","BKK","UTH","90","14580","162.0","5850","451.0"
"Sep2014","WE","CEI","BKK","74","11988","162.0","5920","666.0"
"Sep2014","WE","CNX","DMK","90","14580","162.0","6750","565.0"
"Sep2014","WE","DMK","CNX","90","14580","162.0","6750","565.0"
"Sep2014","WE","DMK","HKT","60","9720","162.0","4800","689.0"
"Sep2014","WE","HKT","DMK","60","9720","162.0","5100","689.0"
"Sep2014","WE","UBP","BKK","60","9720","162.0","3900","476.0"
"Sep2014","WE","UTH","BKK","90","14580","162.0","5400","451.0"
"Oct2014","DD","BFV","DMK","17","1122","66.0","1105","296.0"
"Oct2014","DD","DMK","BFV","17","1122","66.0","1105","296.0"
"Oct2014","DD","DMK","KKC","62","11718","189.0","3285","367.0"
"Oct2014","DD","DMK","LPT","12.0","912.0","76.0","1080.0","497.0"
"Oct2014","DD","DMK","LOE","37.0","3062.0","82.75675675675676","2745.0","410.0"
"Oct2014","DD","DMK","MAQ","93","7998","86.0","6695","380.0"
"Oct2014","DD","DMK","KOP","31","5859","189.0","2170","579.0"
"Oct2014","DD","DMK","NST","161","30429","189.0","10990","610.0"
"Oct2014","DD","DMK","NNT","74.0","5504.0","74.37837837837837","6720.0","541.0"
"Oct2014","DD","DMK","PRH","20.0","1440.0","72.0","1630.0","470.0"
"Oct2014","DD","DMK","HKT","130","24570","189.0","10525","689.0"
"Oct2014","DD","DMK","ROI","47","4042","86.0","3525","418.0"
"Oct2014","DD","DMK","SNO","31","5859","189.0","2170","521.0"
"Oct2014","DD","HKT","DMK","130","24570","189.0","10400","689.0"
"Oct2014","DD","KKC","DMK","62","11718","189.0","3285","367.0"
"Oct2014","DD","KOP","DMK","31","5859","189.0","2045","579.0"
"Oct2014","DD","LOE","DMK","37.0","3062.0","82.75675675675676","2745.0","410.0"
"Oct2014","DD","LPT","DMK","12.0","912.0","76.0","1080.0","497.0"
"Oct2014","DD","MAQ","DMK","93","7998","86.0","6385","380.0"
"Oct2014","DD","NNT","DMK","74.0","5504.0","74.37837837837837","6720.0","541.0"
"Oct2014","DD","NST","DMK","161","30429","189.0","11145","610.0"
"Oct2014","DD","PRH","DMK","20.0","1440.0","72.0","1630.0","470.0"
"Oct2014","DD","ROI","DMK","47","4042","86.0","3525","418.0"
"Oct2014","DD","SNO","DMK","31","5859","189.0","2045","521.0"
"Oct2014","FD","DMK","HDY","254","45720","180.0","20840","772.0"
"Oct2014","FD","DMK","KOP","31","5580","180.0","2170","579.0"
"Oct2014","FD","DMK","HKT","372","66960","180.0","29855","689.0"
"Oct2014","FD","HDY","DMK","254","45720","180.0","21905","772.0"
"Oct2014","FD","HKT","DMK","372","66960","180.0","30225","689.0"
"Oct2014","FD","KOP","DMK","31","5580","180.0","2015","579.0"
"Oct2014","K8","CNX","HHQ","9","108","12.0","810","687.0"
"Oct2014","K8","CNX","KKC","4","48","12.0","400","480.0"
"Oct2014","K8","CNX","PYY","13","156","12.0","325","87.0"
"Oct2014","K8","CNX","UBP","9","108","12.0","810","740.0"
"Oct2014","K8","DMK","MAQ","4","48","12.0","240","380.0"
"Oct2014","K8","HHQ","CNX","9","108","12.0","810","687.0"
"Oct2014","K8","KKC","CNX","4","48","12.0","400","480.0"
"Oct2014","K8","MAQ","DMK","4","48","12.0","240","380.0"
"Oct2014","K8","PYY","CNX","13","156","12.0","325","87.0"
"Oct2014","K8","UBP","CNX","9","108","12.0","810","740.0"
"Oct2014","PG","BKK","CEI","62","10044","162.0","4960","666.0"
"Oct2014","PG","BKK","USM","552.0","65154.0","118.03260869565217","39495.0","465.0"
"Oct2014","PG","BKK","LPT","92","6440","70.0","8280","497.0"
"Oct2014","PG","BKK","HKT","239.0","38646.0","161.69874476987448","20315.0","673.0"
"Oct2014","PG","CEI","BKK","62","10044","162.0","4960","666.0"
"Oct2014","PG","CNX","HKT","6","972","162.0","750","1181.0"
"Oct2014","PG","CNX","UTH","12","840","70.0","1020","433.0"
"Oct2014","PG","HKT","BKK","239.0","38646.0","161.69874476987448","20315.0","673.0"
"Oct2014","PG","HKT","CNX","6","972","162.0","780","1181.0"
"Oct2014","PG","HKT","USM","149","10430","70.0","8195","249.0"
"Oct2014","PG","LPT","BKK","92","6440","70.0","8280","497.0"
"Oct2014","PG","USM","BKK","553.0","65442.0","118.33996383363473","39695.0","465.0"
"Oct2014","PG","USM","HKT","149","10430","70.0","8940","249.0"
"Oct2014","PG","UTH","CNX","12","840","70.0","1020","433.0"
"Oct2014","SL","CNX","DMK","217","46655","215.0","16710","565.0"
"Oct2014","SL","DMK","CNX","217","46655","215.0","16365","565.0"
"Oct2014","SL","DMK","HDY","223","47945","215.0","19635","772.0"
"Oct2014","SL","DMK","KBV","29","6235","215.0","2465","666.0"
"Oct2014","SL","DMK","HKT","31","6665","215.0","2845","689.0"
"Oct2014","SL","DMK","URT","60","12900","215.0","4345","552.0"
"Oct2014","SL","DMK","UTH","78","16770","215.0","5180","451.0"
"Oct2014","SL","HDY","DMK","216","46440","215.0","19395","772.0"
"Oct2014","SL","HDY","UTH","13","2795","215.0","1690","1186.0"
"Oct2014","SL","HKT","DMK","31","6665","215.0","2680","689.0"
"Oct2014","SL","KBV","DMK","29","6235","215.0","2610","666.0"
"Oct2014","SL","URT","DMK","60","12900","215.0","4075","552.0"
"Oct2014","SL","UTH","DMK","78","16770","215.0","4620","451.0"
"Oct2014","SL","UTH","HDY","13","2795","215.0","1885","1186.0"
"Oct2014","TG","BKK","KBV","62.0","18892.0","304.7096774193548","4960.0","649.0"
"Oct2014","TG","KBV","BKK","62.0","18892.0","304.7096774193548","4960.0","649.0"
"Oct2014","WE","BKK","CEI","75","12150","162.0","6000","666.0"
"Oct2014","WE","BKK","HDY","125.0","20538.0","164.304","10875.0","750.0"
"Oct2014","WE","BKK","URT","50","8100","162.0","3750","536.0"
"Oct2014","WE","BKK","UBP","50","8100","162.0","3250","476.0"
"Oct2014","WE","BKK","UTH","75","12150","162.0","4875","451.0"
"Oct2014","WE","CEI","BKK","75","12150","162.0","6000","666.0"
"Oct2014","WE","CNX","DMK","27","4374","162.0","2025","565.0"
"Oct2014","WE","CNX","HKT","9","1458","162.0","1035","1181.0"
"Oct2014","WE","DMK","CNX","27","4374","162.0","2025","565.0"
"Oct2014","WE","DMK","KKC","27","4374","162.0","1485","367.0"
"Oct2014","WE","DMK","HKT","18","2916","162.0","1440","689.0"
"Oct2014","WE","HDY","BKK","125.0","20538.0","164.304","10625.0","750.0"
"Oct2014","WE","HKT","DMK","18","2916","162.0","1530","689.0"
"Oct2014","WE","KKC","DMK","27","4374","162.0","1485","367.0"
"Oct2014","WE","UBP","BKK","50","8100","162.0","3250","476.0"
"Oct2014","WE","URT","BKK","50","8100","162.0","3500","536.0"
"Oct2014","WE","UTH","BKK","75","12150","162.0","4500","451.0"
"Nov2014","DD","BFV","DMK","30.0","2040.0","68.0","1950.0","296.0"
"Nov2014","DD","DMK","BFV","30.0","2040.0","68.0","1950.0","296.0"
"Nov2014","DD","DMK","HDY","189","35721","189.0","16065","772.0"
"Nov2014","DD","DMK","KKC","81","15309","189.0","4560","367.0"
"Nov2014","DD","DMK","LPT","60.0","4980.0","83.0","5295.0","497.0"
"Nov2014","DD","DMK","LOE","54.0","4164.0","77.11111111111111","4125.0","410.0"
"Nov2014","DD","DMK","MAQ","90.0","7080.0","78.66666666666667","6600.0","380.0"
"Nov2014","DD","DMK","KOP","30","5670","189.0","2100","579.0"
"Nov2014","DD","DMK","NNT","114.0","8844.0","77.57894736842105","10740.0","541.0"
"Nov2014","DD","DMK","PRH","30.0","2520.0","84.0","2550.0","470.0"
"Nov2014","DD","DMK","HKT","150","28350","189.0","12000","689.0"
"Nov2014","DD","DMK","ROI","60.0","4860.0","81.0","4500.0","418.0"
"Nov2014","DD","DMK","SNO","51","9639","189.0","3570","521.0"
"Nov2014","DD","HDY","DMK","189","35721","189.0","16065","772.0"
"Nov2014","DD","HKT","DMK","150","28350","189.0","12000","689.0"
"Nov2014","DD","KKC","DMK","81","15309","189.0","4350","367.0"
"Nov2014","DD","KOP","DMK","30","5670","189.0","2100","579.0"
"Nov2014","DD","LOE","DMK","54.0","4164.0","77.11111111111111","4005.0","410.0"
"Nov2014","DD","LPT","DMK","60.0","4980.0","83.0","5295.0","497.0"
"Nov2014","DD","MAQ","DMK","90.0","7080.0","78.66666666666667","6315.0","380.0"
"Nov2014","DD","NNT","DMK","114.0","8844.0","77.57894736842105","10740.0","541.0"
"Nov2014","DD","PRH","DMK","30.0","2520.0","84.0","2550.0","470.0"
"Nov2014","DD","ROI","DMK","60.0","4860.0","81.0","4500.0","418.0"
"Nov2014","DD","SNO","DMK","51","9639","189.0","3570","521.0"
"Nov2014","FD","CEI","DMK","144","25920","180.0","11235","666.0"
"Nov2014","FD","CNX","DMK","345","62100","180.0","26435","565.0"
"Nov2014","FD","DMK","CEI","144","25920","180.0","11245","666.0"
"Nov2014","FD","DMK","KOP","30","5400","180.0","2240","579.0"
"Nov2014","FD","DMK","HKT","360","64800","180.0","28800","689.0"
"Nov2014","FD","HKT","DMK","360","64800","180.0","28950","689.0"
"Nov2014","FD","KOP","DMK","30","5400","180.0","2230","579.0"
"Nov2014","K8","CNX","HHQ","9","108","12.0","810","687.0"
"Nov2014","K8","CNX","KKC","5","60","12.0","500","480.0"
"Nov2014","K8","CNX","PYY","14","168","12.0","350","87.0"
"Nov2014","K8","CNX","PHS","17","204","12.0","1020","259.0"
"Nov2014","K8","CNX","UBP","9","108","12.0","810","740.0"
"Nov2014","K8","HHQ","CNX","9","108","12.0","810","687.0"
"Nov2014","K8","KKC","CNX","5","60","12.0","500","480.0"
"Nov2014","K8","PHS","CNX","17","204","12.0","1020","259.0"
"Nov2014","K8","PYY","CNX","14","168","12.0","350","87.0"
"Nov2014","K8","UBP","CNX","9","108","12.0","810","740.0"
"Nov2014","PG","BKK","CEI","70.0","11028.0","157.54285714285714","5600.0","666.0"
"Nov2014","PG","BKK","USM","451.0","51698.0","114.62971175166297","32510.0","465.0"
"Nov2014","PG","BKK","HKT","240.0","38244.0","159.35","20400.0","673.0"
"Nov2014","PG","CEI","BKK","70.0","11028.0","157.54285714285714","5600.0","666.0"
"Nov2014","PG","HKT","BKK","240.0","38244.0","159.35","20400.0","673.0"
"Nov2014","PG","HKT","USM","109","7630","70.0","5995","249.0"
"Nov2014","PG","USM","BKK","451.0","51698.0","114.62971175166297","32590.0","465.0"
"Nov2014","PG","USM","HKT","109","7630","70.0","6540","249.0"
"Nov2014","SL","CNX","DMK","207","44505","215.0","15930","565.0"
"Nov2014","SL","DMK","CNX","207","44505","215.0","15375","565.0"
"Nov2014","SL","DMK","HDY","210","45150","215.0","19290","772.0"
"Nov2014","SL","DMK","KBV","30","6450","215.0","2550","666.0"
"Nov2014","SL","DMK","UTH","78","16770","215.0","5010","451.0"
"Nov2014","SL","HDY","DMK","210","45150","215.0","18660","772.0"
"Nov2014","SL","HDY","UTH","12","2580","215.0","1560","1186.0"
"Nov2014","SL","KBV","DMK","30","6450","215.0","2700","666.0"
"Nov2014","SL","UTH","DMK","78","16770","215.0","4380","451.0"
"Nov2014","SL","UTH","HDY","12","2580","215.0","1740","1186.0"
"Nov2014","TG","BKK","CNX","204.0","64531.0","316.328431372549","14850.0","565.0"
"Nov2014","TG","BKK","KBV","60.0","18288.0","304.8","4800.0","649.0"
"Nov2014","TG","BKK","HKT","270.0","82532.0","305.6740740740741","21870.0","673.0"
"Nov2014","TG","CNX","BKK","204.0","64531.0","316.328431372549","14850.0","565.0"
"Nov2014","TG","HKT","BKK","270.0","82532.0","305.6740740740741","23100.0","673.0"
"Nov2014","TG","KBV","BKK","60.0","18288.0","304.8","4800.0","649.0"
"Dec2014","DD","BFV","DMK","31","2046","66.0","2015","296.0"
"Dec2014","DD","DMK","BFV","31","2046","66.0","2015","296.0"
"Dec2014","DD","DMK","HDY","186","35154","189.0","15810","772.0"
"Dec2014","DD","DMK","LPT","62","5332","86.0","5425","497.0"
"Dec2014","DD","DMK","LOE","62","5332","86.0","4960","410.0"
"Dec2014","DD","DMK","MAQ","93","7998","86.0","6820","380.0"
"Dec2014","DD","DMK","KOP","31","5859","189.0","2170","579.0"
"Dec2014","DD","DMK","PRH","31","2666","86.0","2635","470.0"
"Dec2014","DD","DMK","HKT","155","29295","189.0","12400","689.0"
"Dec2014","DD","DMK","ROI","62.0","4712.0","76.0","4650.0","418.0"
"Dec2014","DD","DMK","SNO","62","11718","189.0","4340","521.0"
"Dec2014","DD","HDY","DMK","186","35154","189.0","15810","772.0"
"Dec2014","DD","HKT","DMK","155","29295","189.0","12400","689.0"
"Dec2014","DD","KOP","DMK","31","5859","189.0","2170","579.0"
"Dec2014","DD","LOE","DMK","62","5332","86.0","4650","410.0"
"Dec2014","DD","LPT","DMK","62","5332","86.0","5425","497.0"
"Dec2014","DD","MAQ","DMK","93","7998","86.0","6510","380.0"
"Dec2014","DD","PRH","DMK","31","2666","86.0","2635","470.0"
"Dec2014","DD","ROI","DMK","62.0","4712.0","76.0","4650.0","418.0"
"Dec2014","DD","SNO","DMK","62","11718","189.0","4340","521.0"
"Dec2014","FD","DMK","KOP","31","5580","180.0","2325","579.0"
"Dec2014","FD","DMK","HKT","372","66960","180.0","29760","689.0"
"Dec2014","FD","HKT","DMK","372","66960","180.0","30155","689.0"
"Dec2014","FD","KOP","DMK","31","5580","180.0","2325","579.0"
"Dec2014","K8","CNX","HHQ","8","96","12.0","720","687.0"
"Dec2014","K8","CNX","KKC","4","48","12.0","400","480.0"
"Dec2014","K8","CNX","PYY","12","144","12.0","300","87.0"
"Dec2014","K8","CNX","UBP","8","96","12.0","720","740.0"
"Dec2014","K8","HHQ","CNX","8","96","12.0","720","687.0"
"Dec2014","K8","KKC","CNX","4","48","12.0","400","480.0"
"Dec2014","K8","PYY","CNX","12","144","12.0","300","87.0"
"Dec2014","K8","UBP","CNX","8","96","12.0","720","740.0"
"Dec2014","PG","BKK","CEI","67.0","10620.0","158.50746268656715","5360.0","666.0"
"Dec2014","PG","BKK","USM","619.0","70368.0","113.68012924071083","45180.0","465.0"
"Dec2014","PG","BKK","LPT","84.0","5742.0","68.35714285714286","7560.0","497.0"
"Dec2014","PG","BKK","HKT","248.0","39696.0","160.06451612903226","21080.0","673.0"
"Dec2014","PG","BKK","TDX","92.0","6118.0","66.5","5520.0","233.0"
"Dec2014","PG","CEI","BKK","67.0","10620.0","158.50746268656715","5360.0","666.0"
"Dec2014","PG","HKT","BKK","248.0","39696.0","160.06451612903226","21080.0","673.0"
"Dec2014","PG","HKT","USM","142","9940","70.0","7810","249.0"
"Dec2014","PG","LPT","BKK","84.0","5742.0","68.35714285714286","7560.0","497.0"
"Dec2014","PG","TDX","BKK","92.0","6118.0","66.5","5520.0","233.0"
"Dec2014","PG","USM","BKK","619.0","69550.0","112.35864297253634","45360.0","465.0"
"Dec2014","PG","USM","HKT","142","9940","70.0","8520","249.0"
"Dec2014","SL","CNX","DMK","217","46655","215.0","16740","565.0"
"Dec2014","SL","DMK","CNX","217","46655","215.0","16120","565.0"
"Dec2014","SL","DMK","HDY","218","46870","215.0","20075","772.0"
"Dec2014","SL","DMK","KBV","31","6665","215.0","3410","666.0"
"Dec2014","SL","DMK","HKT","31","6665","215.0","3720","689.0"
"Dec2014","SL","DMK","URT","62","13330","215.0","4495","552.0"
"Dec2014","SL","DMK","UTH","79","16985","215.0","5065","451.0"
"Dec2014","SL","HDY","DMK","217","46655","215.0","19290","772.0"
"Dec2014","SL","HDY","UTH","14","3010","215.0","1820","1186.0"
"Dec2014","SL","HKT","DMK","31","6665","215.0","2635","689.0"
"Dec2014","SL","KBV","DMK","31","6665","215.0","2790","666.0"
"Dec2014","SL","URT","DMK","62","13330","215.0","4340","552.0"
"Dec2014","SL","UTH","DMK","79","16985","215.0","4430","451.0"
"Dec2014","SL","UTH","HDY","14","3010","215.0","2030","1186.0"
"Dec2014","TG","BKK","KBV","62.0","18892.0","304.7096774193548","4960.0","649.0"
"Dec2014","TG","BKK","HKT","281.0","87061.0","309.8256227758007","22769.0","673.0"
"Dec2014","TG","HKT","BKK","293.0","91237.0","311.38907849829354","25060.0","673.0"
"Dec2014","TG","KBV","BKK","62.0","18892.0","304.7096774193548","4960.0","649.0"
"Dec2014","WE","BKK","CEI","68","11424","168.0","5440","666.0"
"Dec2014","WE","BKK","HDY","68","11424","168.0","5780","750.0"
"Dec2014","WE","BKK","URT","34","5712","168.0","2550","536.0"
"Dec2014","WE","BKK","UBP","51.0","8568.0","168.0","3315.0","476.0"
"Dec2014","WE","BKK","UTH","68","11424","168.0","4420","451.0"
"Dec2014","WE","CEI","BKK","68","11424","168.0","5440","666.0"
"Dec2014","WE","CNX","DMK","68","11424","168.0","5100","565.0"
"Dec2014","WE","CNX","HKT","17","2856","168.0","1955","1181.0"
"Dec2014","WE","DMK","CNX","68","11424","168.0","5100","565.0"
"Dec2014","WE","DMK","KKC","51","8568","168.0","2805","367.0"
"Dec2014","WE","DMK","HKT","51","8568","168.0","4080","689.0"
"Dec2014","WE","HDY","BKK","68","11424","168.0","5780","750.0"
"Dec2014","WE","HKT","DMK","51","8568","168.0","4335","689.0"
"Dec2014","WE","HKT","CNX","17","2856","168.0","1955","1181.0"
"Dec2014","WE","KKC","DMK","51","8568","168.0","2805","367.0"
"Dec2014","WE","UBP","BKK","51.0","8568.0","168.0","3315.0","476.0"
"Dec2014","WE","URT","BKK","34","5712","168.0","2380","536.0"
"Dec2014","WE","UTH","BKK","68","11424","168.0","4080","451.0"
