"Travel Dates","","","","","","","","","","","","","","","","","","","","","","","Jan 2013","","","","","","","","","Feb 2013","","","","","","","","","Mar 2013","","","","","","","","","Apr 2013","","","","","","","","","May 2013","","","","","","","","","Jun 2013","","","","","","","","","Jul 2013","","","","","","","","","Aug 2013","","","","","","","","","Sep 2013","","","","","","","","","Oct 2013","","","","","","","","","Nov 2013","","","","","","","","","Dec 2013","","","","","","","","","Jan 2014","","","","","","","","","Feb 2014","","","","","","","","","Mar 2014","","","","","","","","","Apr 2014","","","","","","","","","May 2014","","","","","","","","","Jun 2014","","","","","","","","","Jul 2014","","","","","","","","","Aug 2014","","","","","","","","","Sep 2014","","","","","","","","","Oct 2014","","","","","","","","","Nov 2014","","","","","","","","","Dec 2014","","","","","","","","","Jan 2015","","","","","","","","","Feb 2015","","","","","","","","","Mar 2015","","","","","","","","","Apr 2015","","","","","","","","","May 2015","","","","","","","","","Jun 2015","","","","","","","","","Jul 2015","","","","","","","","","Aug 2015","","","","","","","","","Sep 2015","","","","","","","","","Oct 2015","","","","","","","","","Nov 2015","","","","","","","","","Dec 2015","","","","","","","","","Jan 2016","","","","","","","","","Feb 2016","","","","","","","","","Mar 2016","","","","","","","","","Apr 2016","","","","","","","","","May 2016","","","","","","","","","Jun 2016","","","","","","","","","Jul 2016","","","","","","","","","Aug 2016","","","","","","","","","Sep 2016","","","","","","","","","Oct 2016","","","","","","","","","Nov 2016","","","","","","","","","Dec 2016","","","","","","","","","TOTAL","","","","","","","",""
"Dom Mkt Al","Al 1","Al 2","Al 3","Al 4","Al 5","Al 6","Dom Op Al","Op Al 1","Op Al 2","Op Al 3","Op Al 4","Op Al 5","Op Al 6","Orig Country","Orig","Stop #1","Stop #2","Stop #3","Stop #4","Stop #5","Dest Country","Dest","Reported Pax","Reported + Est. Pax","Pax Share","% POO Org","% POO Dst","% POO Oth","Fare","Rev","Yield","Reported Pax","Reported + Est. Pax","Pax Share","% POO Org","% POO Dst","% POO Oth","Fare","Rev","Yield","Reported Pax","Reported + Est. Pax","Pax Share","% POO Org","% POO Dst","% POO Oth","Fare","Rev","Yield","Reported Pax","Reported + Est. Pax","Pax Share","% POO Org","% POO Dst","% POO Oth","Fare","Rev","Yield","Reported Pax","Reported + Est. Pax","Pax Share","% POO Org","% POO Dst","% POO Oth","Fare","Rev","Yield","Reported Pax","Reported + Est. Pax","Pax Share","% POO Org","% POO Dst","% POO Oth","Fare","Rev","Yield","Reported Pax","Reported + Est. Pax","Pax Share","% POO Org","% POO Dst","% POO Oth","Fare","Rev","Yield","Reported Pax","Reported + Est. Pax","Pax Share","% POO Org","% POO Dst","% POO Oth","Fare","Rev","Yield","Reported Pax","Reported + Est. Pax","Pax Share","% POO Org","% POO Dst","% POO Oth","Fare","Rev","Yield","Reported Pax","Reported + Est. Pax","Pax Share","% POO Org","% POO Dst","% POO Oth","Fare","Rev","Yield","Reported Pax","Reported + Est. Pax","Pax Share","% POO Org","% POO Dst","% POO Oth","Fare","Rev","Yield","Reported Pax","Reported + Est. Pax","Pax Share","% POO Org","% POO Dst","% POO Oth","Fare","Rev","Yield","Reported Pax","Reported + Est. Pax","Pax Share","% POO Org","% POO Dst","% POO Oth","Fare","Rev","Yield","Reported Pax","Reported + Est. Pax","Pax Share","% POO Org","% POO Dst","% POO Oth","Fare","Rev","Yield","Reported Pax","Reported + Est. Pax","Pax Share","% POO Org","% POO Dst","% POO Oth","Fare","Rev","Yield","Reported Pax","Reported + Est. Pax","Pax Share","% POO Org","% POO Dst","% POO Oth","Fare","Rev","Yield","Reported Pax","Reported + Est. Pax","Pax Share","% POO Org","% POO Dst","% POO Oth","Fare","Rev","Yield","Reported Pax","Reported + Est. Pax","Pax Share","% POO Org","% POO Dst","% POO Oth","Fare","Rev","Yield","Reported Pax","Reported + Est. Pax","Pax Share","% POO Org","% POO Dst","% POO Oth","Fare","Rev","Yield","Reported Pax","Reported + Est. Pax","Pax Share","% POO Org","% POO Dst","% POO Oth","Fare","Rev","Yield","Reported Pax","Reported + Est. Pax","Pax Share","% POO Org","% POO Dst","% POO Oth","Fare","Rev","Yield","Reported Pax","Reported + Est. Pax","Pax Share","% POO Org","% POO Dst","% POO Oth","Fare","Rev","Yield","Reported Pax","Reported + Est. Pax","Pax Share","% POO Org","% POO Dst","% POO Oth","Fare","Rev","Yield","Reported Pax","Reported + Est. Pax","Pax Share","% POO Org","% POO Dst","% POO Oth","Fare","Rev","Yield","Reported Pax","Reported + Est. Pax","Pax Share","% POO Org","% POO Dst","% POO Oth","Fare","Rev","Yield","Reported Pax","Reported + Est. Pax","Pax Share","% POO Org","% POO Dst","% POO Oth","Fare","Rev","Yield","Reported Pax","Reported + Est. Pax","Pax Share","% POO Org","% POO Dst","% POO Oth","Fare","Rev","Yield","Reported Pax","Reported + Est. Pax","Pax Share","% POO Org","% POO Dst","% POO Oth","Fare","Rev","Yield","Reported Pax","Reported + Est. Pax","Pax Share","% POO Org","% POO Dst","% POO Oth","Fare","Rev","Yield","Reported Pax","Reported + Est. Pax","Pax Share","% POO Org","% POO Dst","% POO Oth","Fare","Rev","Yield","Reported Pax","Reported + Est. Pax","Pax Share","% POO Org","% POO Dst","% POO Oth","Fare","Rev","Yield","Reported Pax","Reported + Est. Pax","Pax Share","% POO Org","% POO Dst","% POO Oth","Fare","Rev","Yield","Reported Pax","Reported + Est. Pax","Pax Share","% POO Org","% POO Dst","% POO Oth","Fare","Rev","Yield","Reported Pax","Reported + Est. Pax","Pax Share","% POO Org","% POO Dst","% POO Oth","Fare","Rev","Yield","Reported Pax","Reported + Est. Pax","Pax Share","% POO Org","% POO Dst","% POO Oth","Fare","Rev","Yield","Reported Pax","Reported + Est. Pax","Pax Share","% POO Org","% POO Dst","% POO Oth","Fare","Rev","Yield","Reported Pax","Reported + Est. Pax","Pax Share","% POO Org","% POO Dst","% POO Oth","Fare","Rev","Yield","Reported Pax","Reported + Est. Pax","Pax Share","% POO Org","% POO Dst","% POO Oth","Fare","Rev","Yield","Reported Pax","Reported + Est. Pax","Pax Share","% POO Org","% POO Dst","% POO Oth","Fare","Rev","Yield","Reported Pax","Reported + Est. Pax","Pax Share","% POO Org","% POO Dst","% POO Oth","Fare","Rev","Yield","Reported Pax","Reported + Est. Pax","Pax Share","% POO Org","% POO Dst","% POO Oth","Fare","Rev","Yield","Reported Pax","Reported + Est. Pax","Pax Share","% POO Org","% POO Dst","% POO Oth","Fare","Rev","Yield","Reported Pax","Reported + Est. Pax","Pax Share","% POO Org","% POO Dst","% POO Oth","Fare","Rev","Yield","Reported Pax","Reported + Est. Pax","Pax Share","% POO Org","% POO Dst","% POO Oth","Fare","Rev","Yield","Reported Pax","Reported + Est. Pax","Pax Share","% POO Org","% POO Dst","% POO Oth","Fare","Rev","Yield","Reported Pax","Reported + Est. Pax","Pax Share","% POO Org","% POO Dst","% POO Oth","Fare","Rev","Yield","Reported Pax","Reported + Est. Pax","Pax Share","% POO Org","% POO Dst","% POO Oth","Fare","Rev","Yield","Reported Pax","Reported + Est. Pax","Pax Share","% POO Org","% POO Dst","% POO Oth","Fare","Rev","Yield","Reported Pax","Reported + Est. Pax","Pax Share","% POO Org","% POO Dst","% POO Oth","Fare","Rev","Yield"
"K8","K8","","","","","","K8","K8","","","","","","Thailand","CNX","","","","","","Thailand","UTP","0","0","0","0","0","0","0","0","0","0","0","0","0","0","0","0","0","0","0","0","0","0","0","0","0","0","0","0","0","0","0","0","0","0","0","0","0","0","0","0","0","0","0","0","0","0","0","0","0","0","0","0","0","0","0","0","0","0","0","0","0","0","0","0","0","0","0","0","0","0","0","0","0","0","0","0","0","0","0","0","0","0","0","0","0","0","0","0","0","0","0","0","0","0","0","0","0","0","0","0","0","0","0","0","0","0","0","0","0","0","0","0","0","0","0","0","0","0","0","0","0","0","0","0","0","0","0","0","0","0","0","0","0","0","0","0","0","0","0","0","0","0","0","0","0","0","0","0","0","0","0","0","0","0","0","0","0","0","0","0","0","0","0","0","0","0","0","0","0","0","0","0","0","0","0","0","0","0","0","0","0","0","0","0","0","0","0","0","0","0","0","0","0","0","0","0","0","0","0","0","0","0","0","0","0","0","0","0","0","0","0","0","0","0","0","0","0","0","0","0","0","0","0","0","0","0","0","0","0","0","0","0","0","0","0","0","0","0","0","0","0","0","0","0","0","0","0","0","0","0","0","0","0","98","0","51.6","19.2","29.2","121","11858","0.17","0","96","0","47.5","23.5","29","118","11299","0.17","0","62","0","47.9","15.7","36.3","131","8141","0.19","0","0","0","0","0","0","0","0","0","0","0","0","0","0","0","0","0","0","0","0","0","0","0","0","0","0","0","0","96","0","51.6","21.3","27.1","111","10685","0.16","0","98","0","25.9","74.1","0","107","10457","0.15","0","98","0","22.8","77.2","0","111","10888","0.16","0","99","0","17.9","82.1","0","123","12197","0.17","0","100","0","40","60","0","112","11190","0.16","0","101","0","31.3","68.8","0","122","12312","0.17","0","95","0","66.7","33.3","0","113","10688","0.16","0","98","0","53.8","46.2","0","114","11143","0.16","0","103","0","55.6","44.4","0","125","12834","0.18","0","102","0","71.7","28.3","0","125","12770","0.18","0","95","0","47.4","52.6","0","116","11030","0.16","0","104","0","33.3","66.7","0","112","11627","0.16","0","90","0","39.3","60.7","0","103","9306","0.15","0","110","0","31.3","68.8","0","100","10978","0.14","0","1645","0","43.1","50.6","6.4","115","189401","0.16"
"K8","K8","","","","","","K8","K8","","","","","","Thailand","CNX","","","","","","Thailand","UBP","0","0","0","0","0","0","0","0","0","0","0","0","0","0","0","0","0","0","0","0","0","0","0","0","0","0","0","0","0","0","0","0","0","0","0","0","0","0","0","0","0","0","0","0","0","0","0","0","0","0","0","0","0","0","0","0","0","0","0","0","0","0","0","0","0","0","0","0","0","0","0","0","0","0","0","0","0","0","0","0","0","0","0","0","0","0","0","0","0","0","0","0","0","0","0","0","0","0","0","0","0","0","0","0","0","0","0","0","0","0","0","0","0","0","0","0","0","0","0","0","0","0","0","0","0","0","0","0","0","0","0","0","0","0","0","0","0","0","0","0","0","0","0","0","0","0","0","0","0","0","0","0","0","0","0","0","0","0","0","0","0","0","0","0","0","0","0","0","0","0","0","0","42","0","50.7","20.2","29.1","132","5540","0.18","0","53","0","49.2","21.3","29.5","120","6371","0.16","0","61","0","46.4","23.5","30.1","125","7595","0.17","0","63","0","47.9","21.9","30.2","115","7270","0.16","0","57","0","48.5","18.9","32.5","113","6458","0.15","0","132","0","47.4","21.7","30.9","110","14494","0.15","0","263","0","50.3","18.7","31.1","128","33585","0.17","0","247","0","50","20.6","29.3","122","30011","0.16","0","237","0","48.3","20.7","31","125","29672","0.17","0","234","0","51.6","19.2","29.2","123","28688","0.17","0","224","0","47.5","23.5","29","119","26746","0.16","0","240","0","47.9","15.7","36.3","133","31944","0.18","0","250","0","50.1","18.3","31.6","135","33625","0.18","0","220","0","51.9","19.6","28.5","123","27104","0.17","0","232","0","51.7","21.8","26.4","123","28490","0.17","0","224","0","51.6","21.3","27.1","113","25245","0.15","0","241","0","51.7","18.7","29.6","108","26052","0.15","0","242","0","56.1","18.4","25.5","113","27273","0.15","0","224","0","57.7","16.2","26.1","125","28022","0.17","0","240","0","56","17.1","26.8","113","27168","0.15","0","234","0","58.3","17.2","24.5","123","28735","0.17","0","227","0","54.1","21.7","24.2","114","25833","0.15","0","227","0","56.9","20.9","22.2","115","26105","0.16","0","245","0","54.3","18.6","27.1","126","30821","0.17","0","244","0","58.3","18","23.7","126","30842","0.17","0","219","0","59.9","21.4","18.7","117","25689","0.16","0","229","0","59.5","20.3","20.1","113","25900","0.15","0","229","0","61","18.5","20.6","104","23885","0.14","0","246","0","60.2","21.3","18.5","101","24797","0.14","0","5826","0","53.7","19.6","26.8","119","693958","0.16"
"K8","K8","","","","","","K8","K8","","","","","","Thailand","CNX","","","","","","Thailand","KKC","0","0","0","0","0","0","0","0","0","0","0","0","0","0","0","0","0","0","0","59","0","44.1","17.9","37.9","113","6655","0.24","0","64","0","43.8","18.6","37.7","110","7046","0.23","0","32","0","38.3","24.3","37.4","107","3411","0.22","0","0","0","0","0","0","0","0","0","0","0","0","0","0","0","0","0","0","0","0","0","0","0","0","0","0","0","0","0","0","0","0","0","0","0","0","0","0","0","0","0","0","0","0","0","0","0","0","0","0","0","0","0","0","0","0","0","0","0","0","0","0","0","0","0","0","0","0","0","0","0","0","0","22","0","50.6","21","28.4","110","2409","0.23","0","0","0","0","0","0","0","0","0","0","0","0","0","0","0","0","0","0","0","0","0","0","0","0","0","0","0","0","0","0","0","0","0","0","0","0","0","0","0","0","0","0","0","0","0","0","38","0","50.7","20.2","29.1","121","4594","0.25","0","28","0","49.2","21.3","29.5","106","2968","0.22","0","28","0","46.4","23.5","30.1","112","3139","0.23","0","37","0","27.3","0","72.7","103","3807","0.21","0","30","0","81.8","0","18.2","102","3054","0.21","0","115","0","47.4","21.7","30.9","97","11178","0.2","0","251","0","57.1","42.9","0","111","27786","0.23","0","232","0","50","20.6","29.3","108","25079","0.23","0","224","0","48.3","20.7","31","112","24976","0.23","0","219","0","51.6","19.2","29.2","110","24024","0.23","0","210","0","47.5","23.5","29","106","22281","0.22","0","230","0","47.9","15.7","36.3","119","27255","0.25","0","241","0","50.1","18.3","31.6","120","28944","0.25","0","208","0","100","0","0","110","22880","0.23","0","223","0","51.7","21.8","26.4","111","24642","0.23","0","212","0","51.6","21.3","27.1","101","21412","0.21","0","229","0","51.7","18.7","29.6","97","22167","0.2","0","224","0","56.1","18.4","25.5","100","22310","0.21","0","209","0","57.7","16.2","26.1","110","22906","0.23","0","227","0","56","17.1","26.8","103","23358","0.21","0","223","0","100","0","0","116","25846","0.24","0","216","0","21.6","78.4","0","104","22507","0.22","0","218","0","44.8","55.2","0","105","22977","0.22","0","236","0","57.1","42.9","0","116","27400","0.24","0","235","0","88.9","11.1","0","117","27589","0.24","0","211","0","87.5","12.5","0","109","22894","0.23","0","219","0","69.8","27.9","2.3","102","22426","0.21","0","214","0","77.8","22.2","0","98","20865","0.2","0","233","0","70.6","29.4","0","93","21692","0.19","0","5597","0","59.5","23.7","16.9","108","602478","0.22"
"K8","K8","","","","","","K8","K8","","","","","","Thailand","CNX","","","","","","Thailand","PHS","0","0","0","0","0","0","0","0","0","0","0","0","0","0","0","0","0","0","0","136","0","44.1","17.9","37.9","104","14117","0.4","0","124","0","43.8","18.6","37.7","99","12276","0.38","0","123","0","38.3","24.3","37.4","96","11845","0.37","0","123","0","35.9","23.4","40.6","96","11808","0.37","0","130","0","45.5","18.6","35.9","103","13442","0.4","0","131","0","47.5","18.1","34.4","101","13270","0.39","0","128","0","47.4","21.1","31.5","94","12006","0.36","0","121","0","41.9","25","33.1","97","11749","0.37","0","123","0","45","20","35.1","83","10209","0.32","0","124","0","46.3","18.1","35.6","84","10391","0.32","0","123","0","49.1","23.5","27.4","94","11574","0.36","0","114","0","50.6","21","28.4","96","10910","0.37","0","129","0","57.5","20.1","22.4","95","12242","0.37","0","119","0","52.6","19.6","27.8","102","12186","0.4","0","110","0","47.1","25","27.9","106","11704","0.41","0","122","0","44.4","25.5","30.2","100","12139","0.38","0","117","0","51.8","19.4","28.8","114","13315","0.44","0","131","0","50.7","20.2","29.1","113","14803","0.44","0","115","0","49.2","21.3","29.5","95","10925","0.37","0","124","0","46.4","23.5","30.1","103","12735","0.4","0","120","0","47.9","21.9","30.2","93","11208","0.36","0","131","0","48.5","18.9","32.5","93","12209","0.36","0","117","0","47.4","21.7","30.9","88","10249","0.34","0","145","0","50.3","18.7","31.1","97","14080","0.37","0","137","0","50","20.6","29.3","98","13399","0.38","0","127","0","48.3","20.7","31","101","12789","0.39","0","127","0","51.6","19.2","29.2","100","12637","0.38","0","120","0","47.5","23.5","29","96","11472","0.37","0","130","0","47.9","15.7","36.3","107","13871","0.41","0","137","0","50.1","18.3","31.6","109","14878","0.42","0","118","0","51.9","19.6","28.5","100","11765","0.38","0","119","0","51.7","21.8","26.4","101","12007","0.39","0","126","0","51.6","21.3","27.1","92","11579","0.35","0","122","0","51.7","18.7","29.6","88","10748","0.34","0","128","0","56.1","18.4","25.5","89","11418","0.34","0","120","0","57.7","16.2","26.1","97","11676","0.38","0","122","0","56","17.1","26.8","95","11614","0.37","0","125","0","58.3","17.2","24.5","112","13938","0.43","0","125","0","54.1","21.7","24.2","97","12150","0.38","0","122","0","56.9","20.9","22.2","99","12017","0.38","0","134","0","54.3","18.6","27.1","109","14633","0.42","0","134","0","58.3","18","23.7","111","14887","0.43","0","117","0","59.9","21.4","18.7","102","11969","0.39","0","118","0","59.5","20.3","20.1","94","11127","0.36","0","30","0","61","18.5","20.6","93","2793","0.36","0","31","0","60.2","21.3","18.5","88","2725","0.34","0","5549","0","50.2","20.3","29.6","99","547483","0.38"
"K8","K8","","","","","","K8","K8","","","","","","Thailand","CNX","","","","","","Thailand","NNT","0","0","0","0","0","0","0","0","0","0","0","0","0","0","0","0","0","0","0","31","0","44.1","17.9","37.9","101","3140","0.53","0","51","0","43.8","18.6","37.7","96","4881","0.5","0","63","0","38.3","24.3","37.4","93","5878","0.49","0","60","0","35.9","23.4","40.6","92","5538","0.48","0","59","0","45.5","18.6","35.9","99","5865","0.52","0","71","0","47.5","18.1","34.4","97","6887","0.51","0","65","0","47.4","21.1","31.5","89","5798","0.47","0","57","0","41.9","25","33.1","93","5290","0.48","0","66","0","45","20","35.1","78","5174","0.41","0","63","0","46.3","18.1","35.6","80","5027","0.42","0","63","0","49.1","23.5","27.4","90","5676","0.47","0","57","0","50.6","21","28.4","92","5221","0.48","0","65","0","57.5","20.1","22.4","92","5993","0.48","0","55","0","52.6","19.6","27.8","100","5495","0.52","0","57","0","47.1","25","27.9","104","5951","0.55","0","59","0","44.4","25.5","30.2","97","5705","0.5","0","57","0","51.8","19.4","28.8","111","6338","0.58","0","73","0","50.7","20.2","29.1","111","8088","0.58","0","51","0","49.2","21.3","29.5","92","4682","0.48","0","63","0","46.4","23.5","30.1","100","6294","0.52","0","64","0","47.9","21.9","30.2","91","5798","0.47","0","59","0","48.5","18.9","32.5","91","5351","0.47","0","62","0","47.4","21.7","30.9","85","5258","0.44","0","69","0","50.3","18.7","31.1","93","6417","0.49","0","66","0","50","20.6","29.3","95","6250","0.49","0","60","0","48.3","20.7","31","98","5850","0.51","0","69","0","51.6","19.2","29.2","96","6652","0.5","0","54","0","47.5","23.5","29","92","4990","0.48","0","64","0","47.9","15.7","36.3","103","6598","0.54","0","66","0","50.1","18.3","31.6","105","6937","0.55","0","53","0","51.9","19.6","28.5","97","5125","0.5","0","61","0","51.7","21.8","26.4","98","5978","0.51","0","61","0","51.6","21.3","27.1","89","5447","0.47","0","56","0","51.7","18.7","29.6","86","4794","0.45","0","71","0","56.1","18.4","25.5","86","6113","0.45","0","56","0","57.7","16.2","26.1","94","5242","0.49","0","57","0","56","17.1","26.8","93","5301","0.49","0","63","0","58.3","17.2","24.5","110","6949","0.58","0","60","0","54.1","21.7","24.2","95","5706","0.5","0","55","0","56.9","20.9","22.2","97","5308","0.5","0","72","0","54.3","18.6","27.1","107","7718","0.56","0","57","0","58.3","18","23.7","109","6236","0.57","0","60","0","59.9","21.4","18.7","101","6036","0.53","0","61","0","59.5","20.3","20.1","92","5612","0.48","0","55","0","61","18.5","20.6","92","5060","0.48","0","65","0","60.2","21.3","18.5","87","5623","0.45","0","2782","0","50.6","20.3","29.1","95","265269","0.5"
"K8","K8","","","","","","K8","K8","","","","","","Thailand","CNX","","","","","","Thailand","HGN","0","0","0","0","0","0","0","0","0","0","0","0","0","0","0","0","0","0","0","706","0.1","44.1","17.9","37.9","99","69753","0.83","0","654","0.1","43.8","18.6","37.7","92","60430","0.78","0","633","0.1","38.3","24.3","37.4","90","57160","0.76","0","652","0.1","35.9","23.4","40.6","88","57637","0.74","0","687","0.1","45.5","18.6","35.9","95","65402","0.8","0","735","0.1","47.5","18.1","34.4","92","67914","0.78","0","665","0","47.4","21.1","31.5","84","56060","0.71","0","679","0","41.9","25","33.1","88","60024","0.74","0","669","0","45","20","35.1","74","49238","0.62","0","658","0","46.3","18.1","35.6","76","49745","0.63","0","652","0","49.1","23.5","27.4","86","56007","0.72","0","610","0","50.6","21","28.4","87","53253","0.73","0","677","0","57.5","20.1","22.4","89","60524","0.75","0","641","0","52.6","19.6","27.8","97","62433","0.82","0","615","0","47.1","25","27.9","102","62976","0.86","0","617","0","44.4","25.5","30.2","94","57875","0.79","0","668","0","51.8","19.4","28.8","109","72478","0.91","0","745","0","50.7","20.2","29.1","109","80907","0.91","0","673","0","49.2","21.3","29.5","89","59561","0.74","0","708","0","46.4","23.5","30.1","97","68747","0.82","0","694","0","47.9","21.9","30.2","88","60933","0.74","0","744","0","48.5","18.9","32.5","88","65695","0.74","0","705","0","47.4","21.7","30.9","82","57810","0.69","0","821","0","50.3","18.7","31.1","89","72823","0.74","0","757","0","50","20.6","29.3","92","69341","0.77","0","661","0","48.3","20.7","31","94","62200","0.79","0","654","0","51.6","19.2","29.2","93","61018","0.78","0","628","0","47.5","23.5","29","89","56018","0.75","0","595","0","47.9","15.7","36.3","99","59143","0.83","0","497","0","50.1","18.3","31.6","102","50446","0.85","0","435","0","51.9","19.6","28.5","94","40673","0.79","0","506","0","51.7","21.8","26.4","95","48121","0.8","0","640","0","51.6","21.3","27.1","87","55360","0.73","0","677","0","51.7","18.7","29.6","83","56259","0.7","0","668","0","56.1","18.4","25.5","83","55310","0.7","0","631","0","57.7","16.2","26.1","90","56601","0.75","0","681","0","56","17.1","26.8","91","61835","0.76","0","665","0","58.3","17.2","24.5","109","72618","0.92","0","637","0","100","0","0","93","59305","0.78","0","639","0","100","0","0","95","60386","0.79","0","693","0","89.6","10.4","0","105","72904","0.88","0","691","0","90","10","0","108","74421","0.9","0","622","0","100","0","0","99","61516","0.83","0","648","0","100","0","0","90","58061","0.75","0","638","0","95.4","0","4.6","91","58058","0.76","0","686","0","96.7","1.4","1.9","85","58379","0.71","0","30257","0","57.1","17.3","25.6","92","2793352","0.78"
"K8","K8","","","","","","K8","K8","","","","","","Thailand","CNX","","","","","","Thailand","HHQ","0","0","0","0","0","0","0","0","0","0","0","0","0","0","0","0","0","0","0","0","0","0","0","0","0","0","0","0","0","0","0","0","0","0","0","0","0","0","0","0","0","0","0","0","0","0","0","0","0","0","0","0","0","0","0","0","0","0","0","0","0","0","0","0","0","0","0","0","0","0","0","0","0","0","0","0","0","0","0","0","0","0","0","0","0","0","0","0","0","0","0","0","0","0","0","0","0","0","0","0","0","0","0","0","0","0","0","0","0","0","0","0","0","0","0","0","0","0","0","0","0","0","0","0","0","0","0","0","0","0","0","0","0","0","0","0","0","0","0","0","0","0","0","0","0","0","0","0","0","0","0","0","0","0","0","0","0","0","0","0","0","0","0","0","0","0","0","0","0","0","0","0","46","0","50.7","20.2","29.1","130","5962","0.19","0","57","0","49.2","21.3","29.5","117","6680","0.17","0","66","0","46.4","23.5","30.1","122","8045","0.18","0","68","0","47.9","21.9","30.2","113","7670","0.16","0","62","0","48.5","18.9","32.5","111","6876","0.16","0","71","0","47.4","21.7","30.9","107","7611","0.16","0","105","0","50.3","18.7","31.1","124","13041","0.18","0","123","0","50","20.6","29.3","119","14600","0.17","0","88","0","48.3","20.7","31","122","10771","0.18","0","101","0","51.6","19.2","29.2","120","12120","0.17","0","91","0","47.5","23.5","29","117","10620","0.17","0","94","0","47.9","15.7","36.3","130","12229","0.19","0","100","0","50.1","18.3","31.6","132","13150","0.19","0","91","0","51.9","19.6","28.5","121","10966","0.18","0","93","0","51.7","21.8","26.4","120","11188","0.18","0","92","0","51.6","21.3","27.1","110","10148","0.16","0","94","0","51.7","18.7","29.6","106","9936","0.15","0","101","0","56.1","18.4","25.5","110","11120","0.16","0","87","0","57.7","16.2","26.1","122","10605","0.18","0","96","0","56","17.1","26.8","111","10656","0.16","0","96","0","58.3","17.2","24.5","121","11645","0.18","0","98","0","54.1","21.7","24.2","112","10947","0.16","0","87","0","56.9","20.9","22.2","113","9822","0.16","0","106","0","54.3","18.6","27.1","124","13123","0.18","0","98","0","58.3","18","23.7","125","12201","0.18","0","91","0","59.9","21.4","18.7","115","10501","0.17","0","92","0","59.5","20.3","20.1","111","10203","0.16","0","92","0","61","18.5","20.6","103","9458","0.15","0","96","0","60.2","21.3","18.5","99","9523","0.14","0","2582","0","53.2","19.7","27.1","117","301417","0.17"
"K8","K8","","","","","","K8","K8","","","","","","Thailand","CNX","","","","","","Thailand","PYY","0","0","0","0","0","0","0","0","0","0","0","0","0","0","0","0","0","0","0","113","0","44.1","17.9","37.9","98","11040","1.12","0","87","0","43.8","18.6","37.7","91","7908","1.05","0","88","0","38.3","24.3","37.4","89","7823","1.02","0","102","0","35.9","23.4","40.6","87","8833","1","0","88","0","45.5","18.6","35.9","93","8210","1.07","0","110","0","47.5","18.1","34.4","90","9944","1.04","0","95","0","47.4","21.1","31.5","82","7800","0.94","0","88","0","41.9","25","33.1","86","7603","0.99","0","105","0","45","20","35.1","72","7508","0.82","0","92","0","46.3","18.1","35.6","74","6780","0.85","0","91","0","49.1","23.5","27.4","84","7644","0.97","0","88","0","50.6","21","28.4","85","7515","0.98","0","103","0","57.5","20.1","22.4","88","9074","1.01","0","85","0","52.6","19.6","27.8","96","8186","1.11","0","92","0","47.1","25","27.9","102","9347","1.17","0","89","0","44.4","25.5","30.2","93","8241","1.07","0","84","0","51.8","19.4","28.8","107","9013","1.23","0","111","0","50.7","20.2","29.1","108","11944","1.24","0","81","0","49.2","21.3","29.5","87","7047","1","0","91","0","46.4","23.5","30.1","96","8727","1.1","0","100","0","47.9","21.9","30.2","87","8650","1","0","88","0","48.5","18.9","32.5","87","7674","1","0","126","0","47.4","21.7","30.9","81","10168","0.93","0","178","0","50.3","18.7","31.1","87","15450","1","0","156","0","50","20.6","29.3","90","14056","1.04","0","89","0","48.3","20.7","31","93","8241","1.07","0","107","0","51.6","19.2","29.2","92","9833","1.06","0","85","0","47.5","23.5","29","88","7455","1.01","0","93","0","47.9","15.7","36.3","98","9086","1.12","0","108","0","50.1","18.3","31.6","100","10778","1.15","0","85","0","51.9","19.6","28.5","92","7829","1.06","0","131","0","51.7","21.8","26.4","94","12288","1.08","0","213","0","51.6","21.3","27.1","85","18169","0.98","0","229","0","51.7","18.7","29.6","82","18755","0.94","0","223","0","56.1","18.4","25.5","81","18152","0.94","0","213","0","57.7","16.2","26.1","88","18744","1.01","0","199","0","56","17.1","26.8","90","17890","1.03","0","103","0","58.3","17.2","24.5","109","11206","1.25","0","89","0","54.1","21.7","24.2","92","8206","1.06","0","86","0","56.9","20.9","22.2","94","8058","1.08","0","114","0","54.3","18.6","27.1","104","11902","1.2","0","90","0","58.3","18","23.7","107","9621","1.23","0","92","0","59.9","21.4","18.7","98","9034","1.13","0","107","0","59.5","20.3","20.1","89","9480","1.02","0","218","0","61","18.5","20.6","91","19751","1.04","0","230","0","60.2","21.3","18.5","85","19435","0.97","0","5435","0","51.4","20","28.5","90","490100","1.04"
"K8","K8","","","","","","K8","K8","","","","","","Thailand","UTP","","","","","","Thailand","CNX","0","0","0","0","0","0","0","0","0","0","0","0","0","0","0","0","0","0","0","0","0","0","0","0","0","0","0","0","0","0","0","0","0","0","0","0","0","0","0","0","0","0","0","0","0","0","0","0","0","0","0","0","0","0","0","0","0","0","0","0","0","0","0","0","0","0","0","0","0","0","0","0","0","0","0","0","0","0","0","0","0","0","0","0","0","0","0","0","0","0","0","0","0","0","0","0","0","0","0","0","0","0","0","0","0","0","0","0","0","0","0","0","0","0","0","0","0","0","0","0","0","0","0","0","0","0","0","0","0","0","0","0","0","0","0","0","0","0","0","0","0","0","0","0","0","0","0","0","0","0","0","0","0","0","0","0","0","0","0","0","0","0","0","0","0","0","0","0","0","0","0","0","0","0","0","0","0","0","0","0","0","0","0","0","0","0","0","0","0","0","0","0","0","0","0","0","0","0","0","0","0","0","0","0","0","0","0","0","0","0","0","0","0","0","0","0","0","0","0","0","0","0","0","0","0","0","0","0","0","0","0","0","0","0","0","0","0","0","0","0","0","0","0","0","0","0","0","0","0","0","0","0","0","92","0","98.5","1.5","0","121","11132","0.17","0","91","0","99","1","0","118","10711","0.17","0","58","0","99.2","0.8","0","131","7615","0.19","0","0","0","0","0","0","0","0","0","0","0","0","0","0","0","0","0","0","0","0","0","0","0","0","0","0","0","0","95","0","97.2","2.3","0.5","111","10574","0.16","0","98","0","100","0","0","107","10457","0.15","0","94","0","92.6","7.4","0","111","10443","0.16","0","100","0","98","2","0","123","12320","0.17","0","101","0","92.5","7.5","0","112","11302","0.16","0","100","0","80.6","19.4","0","122","12190","0.17","0","94","0","85.7","14.3","0","113","10575","0.16","0","97","0","91.7","8.3","0","114","11029","0.16","0","102","0","100","0","0","125","12709","0.18","0","101","0","97.6","2.4","0","125","12645","0.18","0","94","0","100","0","0","116","10913","0.16","0","103","0","100","0","0","112","11515","0.16","0","91","0","100","0","0","103","9409","0.15","0","109","0","100","0","0","100","10878","0.14","0","1620","0","96","4","0","115","186418","0.16"
"K8","K8","","","","","","K8","K8","","","","","","Thailand","MAQ","","","","","","Thailand","DMK","0","0","0","0","0","0","0","0","0","0","0","0","0","0","0","0","0","0","0","0","0","0","0","0","0","0","0","0","0","0","0","0","0","0","0","0","0","0","0","0","0","0","0","0","0","0","0","0","0","0","0","0","0","0","0","0","0","0","0","0","0","0","0","0","0","0","0","0","0","0","0","0","0","0","0","0","0","0","0","0","0","0","0","0","0","0","0","0","0","0","0","0","0","0","0","0","0","0","0","0","0","0","0","0","0","0","0","0","0","0","0","0","0","0","0","0","0","0","0","0","0","0","0","0","0","0","0","0","0","0","0","0","0","0","0","0","0","0","0","0","0","0","0","0","0","0","0","0","0","0","0","0","0","0","0","0","0","0","0","0","0","0","0","0","0","0","0","0","0","0","0","0","0","0","0","0","0","0","0","0","0","0","0","0","0","0","0","0","0","0","26","0","64.4","29.5","6","108","2795","0.29","0","28","0","63.2","31.8","5","98","2752","0.26","0","34","0","62.4","34.3","3.3","98","3318","0.26","0","28","0","60.5","36.5","3.1","93","2590","0.25","0","36","0","60.1","35.3","4.6","104","3751","0.28","0","35","0","65.5","33.5","1","103","3609","0.27","0","138","0","63.8","35.4","0.9","106","14669","0.28","0","167","0","63.3","33.5","3.2","105","17502","0.28","0","99","0","64.9","32.2","2.9","101","9999","0.27","0","271","0","64","32.1","3.8","113","30569","0.3","0","528","0","68.4","28.9","2.6","115","60456","0.31","0","464","0","64.7","32.8","2.5","105","48720","0.28","0","362","0","69.2","28.1","2.8","106","38300","0.28","0","0","0","0","0","0","0","0","0","0","0","0","0","0","0","0","0","0","0","0","0","0","0","0","0","0","0","0","0","0","0","0","0","0","0","0","0","0","0","0","0","0","0","0","0","0","0","0","0","0","0","0","0","0","0","0","0","0","0","0","0","0","0","0","0","0","0","0","0","0","0","0","0","0","0","0","0","0","0","0","0","0","0","0","0","0","0","0","0","0","0","0","0","0","0","0","0","0","0","0","0","0","0","0","0","0","0","0","0","0","0","0","0","0","0","0","0","0","0","0","0","0","0","0","0","0","0","2216","0","65.9","31.3","2.8","108","239030","0.29"
"K8","K8","","","","","","K8","K8","","","","","","Thailand","UBP","","","","","","Thailand","CNX","0","0","0","0","0","0","0","0","0","0","0","0","0","0","0","0","0","0","0","0","0","0","0","0","0","0","0","0","0","0","0","0","0","0","0","0","0","0","0","0","0","0","0","0","0","0","0","0","0","0","0","0","0","0","0","0","0","0","0","0","0","0","0","0","0","0","0","0","0","0","0","0","0","0","0","0","0","0","0","0","0","0","0","0","0","0","0","0","0","0","0","0","0","0","0","0","0","0","0","0","0","0","0","0","0","0","0","0","0","0","0","0","0","0","0","0","0","0","0","0","0","0","0","0","0","0","0","0","0","0","0","0","0","0","0","0","0","0","0","0","0","0","0","0","0","0","0","0","0","0","0","0","0","0","0","0","0","0","0","0","0","0","0","0","0","0","0","0","0","0","0","0","44","0","29.3","41","29.7","132","5804","0.18","0","55","0","31.3","41","27.7","120","6611","0.16","0","63","0","47.2","31.2","21.6","125","7844","0.17","0","66","0","36.5","45.1","18.4","115","7616","0.16","0","58","0","31.8","53.6","14.7","113","6571","0.15","0","135","0","32.4","51.4","16.2","110","14823","0.15","0","254","0","36.7","60.4","2.9","128","32436","0.17","0","238","0","36.7","50.3","13","122","28917","0.16","0","224","0","31.7","60.7","7.6","125","28045","0.17","0","224","0","48.3","45.6","6.2","123","27462","0.17","0","215","0","42.8","53.3","3.9","119","25671","0.16","0","229","0","29.6","64.3","6.1","133","30480","0.18","0","240","0","20.8","75.2","4.1","135","32280","0.18","0","210","0","32","63.1","4.9","123","25872","0.17","0","221","0","41.4","56.6","2","123","27139","0.17","0","222","0","42.2","52.8","5","113","25019","0.15","0","239","0","38.9","52.1","9.1","108","25836","0.15","0","235","0","100","0","0","113","26485","0.15","0","220","0","49.9","45.3","4.8","125","27522","0.17","0","238","0","45.8","49.6","4.6","113","26942","0.15","0","225","0","45.5","48.4","6.1","123","27630","0.17","0","214","0","33.3","63.5","3.2","114","24353","0.15","0","216","0","45.9","53.5","0.6","115","24840","0.16","0","233","0","30.2","61.3","8.4","126","29311","0.17","0","235","0","31.1","65.8","3.1","126","29704","0.17","0","209","0","36.9","61","2.1","117","24516","0.16","0","219","0","48","49.6","2.5","113","24769","0.15","0","221","0","37.1","50.7","12.2","104","23050","0.14","0","238","0","39.4","54.2","6.4","101","23990","0.14","0","5640","0","40.6","53.1","6.3","119","671538","0.16"
"K8","K8","","","","","","K8","K8","","","","","","Thailand","KKC","","","","","","Thailand","CNX","0","0","0","0","0","0","0","0","0","0","0","0","0","0","0","0","0","0","0","62","0","14","52","34.1","113","6994","0.24","0","68","0","22.9","47.4","29.6","110","7487","0.23","0","36","0","16","53","31","107","3838","0.22","0","0","0","0","0","0","0","0","0","0","0","0","0","0","0","0","0","0","0","0","0","0","0","0","0","0","0","0","0","0","0","0","0","0","0","0","0","0","0","0","0","0","0","0","0","0","0","0","0","0","0","0","0","0","0","0","0","0","0","0","0","0","0","0","0","0","0","0","0","0","0","0","0","22","0","66.7","0","33.3","110","2409","0.23","0","0","0","0","0","0","0","0","0","0","0","0","0","0","0","0","0","0","0","0","0","0","0","0","0","0","0","0","0","0","0","0","0","0","0","0","0","0","0","0","0","0","0","0","0","0","39","0","43.1","36.7","20.1","121","4715","0.25","0","29","0","47.3","36.2","16.4","106","3074","0.22","0","29","0","15.4","15.4","69.2","112","3251","0.23","0","38","0","45.4","37.5","17","103","3910","0.21","0","31","0","51.4","36","12.6","102","3156","0.21","0","117","0","0","0","100","97","11372","0.2","0","256","0","52.5","35.4","12.1","111","28339","0.23","0","240","0","55.6","27.8","16.7","108","25944","0.23","0","228","0","90.9","0","9.1","112","25422","0.23","0","222","0","47.8","44.6","7.6","110","24353","0.23","0","213","0","51.9","38.3","9.8","106","22599","0.22","0","229","0","48.7","37.3","14","119","27137","0.25","0","240","0","40","50","10","120","28824","0.25","0","211","0","45.5","43.5","11","110","23210","0.23","0","222","0","43.3","44.1","12.6","111","24531","0.23","0","216","0","39","50.7","10.3","101","21816","0.21","0","235","0","40.6","50.1","9.4","97","22748","0.2","0","230","0","43.7","47.7","8.6","100","22908","0.21","0","218","0","47.6","46.5","5.8","110","23893","0.23","0","234","0","46.3","44.1","9.6","103","24079","0.21","0","224","0","44.4","48.2","7.5","116","25962","0.24","0","217","0","93.2","6.8","0","104","22611","0.22","0","217","0","94.7","5.3","0","105","22872","0.22","0","234","0","68.8","31.3","0","116","27167","0.24","0","232","0","72.7","27.3","0","117","27237","0.24","0","209","0","87.5","12.5","0","109","22677","0.23","0","222","0","97.1","2.9","0","102","22733","0.21","0","223","0","93.1","6.9","0","98","21743","0.2","0","240","0","96","4","0","93","22344","0.19","0","5683","0","59.3","30.6","10.1","108","611353","0.22"
"K8","K8","","","","","","K8","K8","","","","","","Thailand","PHS","","","","","","Thailand","CNX","0","0","0","0","0","0","0","0","0","0","0","0","0","0","0","0","0","0","0","141","0","56.5","2.7","40.8","104","14636","0.4","0","127","0","61.8","1.9","36.3","99","12573","0.38","0","126","0","62.3","3.3","34.4","96","12134","0.37","0","127","0","62.7","2","35.4","96","12192","0.37","0","134","0","62.7","1.5","35.8","103","13856","0.4","0","136","0","65.8","1.1","33.1","101","13777","0.39","0","135","0","67.1","3.9","29","94","12663","0.36","0","126","0","68.3","2","29.6","97","12235","0.37","0","129","0","65.9","0.9","33.1","83","10707","0.32","0","130","0","73.4","2.4","24.2","84","10894","0.32","0","127","0","72.5","2.1","25.4","94","11951","0.36","0","118","0","69.1","2.3","28.6","96","11293","0.37","0","135","0","73.3","4.4","22.2","95","12812","0.37","0","125","0","69.9","3.3","26.9","102","12800","0.4","0","118","0","66.4","5","28.6","106","12555","0.41","0","128","0","68.6","4.9","26.5","100","12736","0.38","0","123","0","64.6","3.2","32.2","114","13997","0.44","0","139","0","49.4","50.6","0","113","15707","0.44","0","122","0","56.2","43.8","0","95","11590","0.37","0","131","0","71.8","28.2","0","103","13454","0.4","0","127","0","59.8","40.2","0","93","11862","0.36","0","137","0","55.4","44.6","0","93","12768","0.36","0","122","0","47.3","52.7","0","88","10687","0.34","0","149","0","48.5","51.5","0","97","14468","0.37","0","142","0","61.7","38.3","0","98","13888","0.38","0","131","0","50.9","49.1","0","101","13192","0.39","0","134","0","27.7","72.3","0","100","13333","0.38","0","125","0","45.1","54.9","0","96","11950","0.37","0","136","0","49.5","50.5","0","107","14511","0.41","0","142","0","60.1","39.9","0","109","15421","0.42","0","123","0","57.7","42.3","0","100","12263","0.38","0","124","0","44.8","55.2","0","101","12512","0.39","0","132","0","41.6","58.4","0","92","12131","0.35","0","129","0","39.6","60.4","0","88","11365","0.34","0","133","0","41.5","58.5","0","89","11864","0.34","0","126","0","54.4","45.6","0","97","12260","0.38","0","128","0","45.3","54.7","0","95","12186","0.37","0","131","0","28.1","71.9","0","112","14607","0.43","0","129","0","39.5","60.5","0","97","12539","0.38","0","126","0","61","39","0","99","12411","0.38","0","139","0","58.1","41.9","0","109","15179","0.42","0","138","0","42.3","57.7","0","111","15332","0.43","0","122","0","42.7","57.3","0","102","12481","0.39","0","124","0","54.6","45.4","0","94","11693","0.36","0","31","0","51.6","48.4","0","93","2886","0.36","0","31","0","41.3","58.7","0","88","2725","0.34","0","5788","0","55.8","32.5","11.6","99","571071","0.38"
"K8","K8","","","","","","K8","K8","","","","","","Thailand","NNT","","","","","","Thailand","CNX","0","0","0","0","0","0","0","0","0","0","0","0","0","0","0","0","0","0","0","30","0","56.5","2.7","40.8","101","3039","0.53","0","47","0","61.8","1.9","36.3","96","4498","0.5","0","60","0","62.3","3.3","34.4","93","5598","0.49","0","58","0","62.7","2","35.4","92","5353","0.48","0","58","0","62.7","1.5","35.8","99","5765","0.52","0","69","0","65.8","1.1","33.1","97","6693","0.51","0","61","0","67.1","3.9","29","89","5441","0.47","0","56","0","68.3","2","29.6","93","5197","0.48","0","64","0","65.9","0.9","33.1","78","5018","0.41","0","63","0","73.4","2.4","24.2","80","5027","0.42","0","62","0","72.5","2.1","25.4","90","5586","0.47","0","57","0","69.1","2.3","28.6","92","5221","0.48","0","64","0","73.3","4.4","22.2","92","5901","0.48","0","55","0","69.9","3.3","26.9","100","5495","0.52","0","57","0","66.4","5","28.6","104","5951","0.55","0","59","0","68.6","4.9","26.5","97","5705","0.5","0","56","0","64.6","3.2","32.2","111","6227","0.58","0","73","0","67.1","2","30.8","111","8088","0.58","0","51","0","64.5","3.3","32.2","92","4682","0.48","0","63","0","68.2","3.1","28.7","100","6294","0.52","0","63","0","63.1","2.1","34.9","91","5708","0.47","0","57","0","73.8","1.6","24.6","91","5170","0.47","0","61","0","65.7","1.9","32.4","85","5173","0.44","0","71","0","42.9","57.1","0","93","6603","0.49","0","68","0","5.9","94.1","0","95","6440","0.49","0","58","0","33.3","66.7","0","98","5655","0.51","0","70","0","63.2","3","33.7","96","6748","0.5","0","55","0","37.5","62.5","0","92","5082","0.48","0","64","0","63.6","1.5","34.9","103","6598","0.54","0","66","0","56.3","43.8","0","105","6937","0.55","0","54","0","100","0","0","97","5222","0.5","0","62","0","0","100","0","98","6076","0.51","0","61","0","52.2","47.8","0","89","5447","0.47","0","56","0","69.2","30.8","0","86","4794","0.45","0","69","0","43.3","56.7","0","86","5941","0.45","0","55","0","42.1","57.9","0","94","5148","0.49","0","56","0","58.8","41.2","0","93","5208","0.49","0","62","0","42.9","57.1","0","110","6839","0.58","0","59","0","33.3","66.7","0","95","5611","0.5","0","54","0","0","100","0","97","5211","0.5","0","71","0","50","50","0","107","7611","0.56","0","56","0","62.5","37.5","0","109","6126","0.57","0","59","0","38.9","61.1","0","101","5935","0.53","0","60","0","71.4","28.6","0","92","5520","0.48","0","56","0","68.8","31.3","0","92","5152","0.48","0","65","0","17.5","82.5","0","87","5623","0.45","0","2751","0","56","27.5","16.5","95","262356","0.5"
"K8","K8","","","","","","K8","K8","","","","","","Thailand","HGN","","","","","","Thailand","CNX","0","0","0","0","0","0","0","0","0","0","0","0","0","0","0","0","0","0","0","705","0.1","56.5","2.7","40.8","99","69654","0.83","0","651","0.1","61.8","1.9","36.3","92","60152","0.78","0","630","0","62.3","3.3","34.4","90","56889","0.76","0","651","0.1","62.7","2","35.4","88","57548","0.74","0","682","0.1","62.7","1.5","35.8","95","64926","0.8","0","728","0.1","65.8","1.1","33.1","92","67267","0.78","0","646","0","67.1","3.9","29","84","54458","0.71","0","676","0","68.3","2","29.6","88","59758","0.74","0","666","0","65.9","0.9","33.1","74","49018","0.62","0","653","0","73.4","2.4","24.2","76","49367","0.63","0","639","0","72.5","2.1","25.4","86","54890","0.72","0","607","0","69.1","2.3","28.6","87","52991","0.73","0","669","0","73.3","4.4","22.2","89","59809","0.75","0","630","0","69.9","3.3","26.9","97","61362","0.82","0","599","0","66.4","5","28.6","102","61338","0.86","0","596","0","68.6","4.9","26.5","94","55905","0.79","0","651","0","64.6","3.2","32.2","109","70634","0.91","0","741","0","67.1","2","30.8","109","80473","0.91","0","669","0","64.5","3.3","32.2","89","59207","0.74","0","703","0","68.2","3.1","28.7","97","68261","0.82","0","693","0","63.1","2.1","34.9","88","60845","0.74","0","740","0","73.8","1.6","24.6","88","65342","0.74","0","698","0","65.7","1.9","32.4","82","57236","0.69","0","801","0","66.1","2.5","31.4","89","71049","0.74","0","735","0","62.4","3","34.7","92","67326","0.77","0","655","0","60.7","2","37.3","94","61636","0.79","0","639","0","63.2","3","33.7","93","59619","0.78","0","615","0","60.2","3.2","36.7","89","54858","0.75","0","575","0","63.6","1.5","34.9","99","57155","0.83","0","482","0","63.3","2.7","34","102","48923","0.85","0","421","0","71.9","3.1","25","94","39364","0.79","0","487","0","70.2","4","25.9","95","46314","0.8","0","614","0","72.3","1.8","25.9","87","53111","0.73","0","658","0","74","2.3","23.7","83","54680","0.7","0","647","0","70.1","1.8","28.2","83","53572","0.7","0","608","0","66.8","2.2","31","90","54538","0.75","0","655","0","59.5","2.7","37.9","91","59474","0.76","0","643","0","70.9","3.8","25.3","109","70216","0.92","0","614","0","57.1","42.9","0","93","57163","0.78","0","615","0","45.5","54.5","0","95","58118","0.79","0","667","0","50","50","0","105","70168","0.88","0","666","0","73.9","26.1","0","108","71728","0.9","0","596","0","57.7","42.3","0","99","58944","0.83","0","622","0","49.4","50.6","0","90","55731","0.75","0","625","0","35.1","60.5","4.4","91","56875","0.76","0","668","0","60.2","38.5","1.3","85","56847","0.71","0","29631","0","64.3","10","25.8","92","2734736","0.77"
"K8","K8","","","","","","K8","K8","","","","","","Thailand","HHQ","","","","","","Thailand","CNX","0","0","0","0","0","0","0","0","0","0","0","0","0","0","0","0","0","0","0","0","0","0","0","0","0","0","0","0","0","0","0","0","0","0","0","0","0","0","0","0","0","0","0","0","0","0","0","0","0","0","0","0","0","0","0","0","0","0","0","0","0","0","0","0","0","0","0","0","0","0","0","0","0","0","0","0","0","0","0","0","0","0","0","0","0","0","0","0","0","0","0","0","0","0","0","0","0","0","0","0","0","0","0","0","0","0","0","0","0","0","0","0","0","0","0","0","0","0","0","0","0","0","0","0","0","0","0","0","0","0","0","0","0","0","0","0","0","0","0","0","0","0","0","0","0","0","0","0","0","0","0","0","0","0","0","0","0","0","0","0","0","0","0","0","0","0","0","0","0","0","0","0","41","0","67.1","2","30.8","130","5314","0.19","0","51","0","64.5","3.3","32.2","117","5977","0.17","0","60","0","68.2","3.1","28.7","122","7314","0.18","0","61","0","63.1","2.1","34.9","113","6881","0.16","0","56","0","73.8","1.6","24.6","111","6210","0.16","0","63","0","65.7","1.9","32.4","107","6754","0.16","0","111","0","66.1","2.5","31.4","124","13786","0.18","0","131","0","62.4","3","34.7","119","15550","0.17","0","95","0","60.7","2","37.3","122","11628","0.18","0","106","0","63.2","3","33.7","120","12720","0.17","0","97","0","60.2","3.2","36.7","117","11320","0.17","0","100","0","63.6","1.5","34.9","130","13010","0.19","0","105","0","63.3","2.7","34","132","13808","0.19","0","95","0","71.9","3.1","25","121","11448","0.18","0","97","0","70.2","4","25.9","120","11669","0.18","0","96","0","72.3","1.8","25.9","110","10589","0.16","0","100","0","74","2.3","23.7","106","10570","0.15","0","104","0","70.1","1.8","28.2","110","11450","0.16","0","91","0","66.8","2.2","31","122","11093","0.18","0","100","0","59.5","2.7","37.9","111","11100","0.16","0","100","0","70.9","3.8","25.3","121","12130","0.18","0","101","0","71.7","3.7","24.6","112","11282","0.16","0","90","0","71.3","3.4","25.2","113","10161","0.16","0","110","0","78.1","2.5","19.4","124","13618","0.18","0","102","0","77.8","2.6","19.5","125","12699","0.18","0","95","0","81.8","3.7","14.5","115","10963","0.17","0","96","0","82.4","4.3","13.3","111","10646","0.16","0","98","0","82","3","15","103","10074","0.15","0","101","0","83.3","2.7","14","99","10019","0.14","0","2653","0","70","2.8","27.2","117","309782","0.17"
"K8","K8","","","","","","K8","K8","","","","","","Thailand","DMK","","","","","","Thailand","MAQ","0","0","0","0","0","0","0","0","0","0","0","0","0","0","0","0","0","0","0","0","0","0","0","0","0","0","0","0","0","0","0","0","0","0","0","0","0","0","0","0","0","0","0","0","0","0","0","0","0","0","0","0","0","0","0","0","0","0","0","0","0","0","0","0","0","0","0","0","0","0","0","0","0","0","0","0","0","0","0","0","0","0","0","0","0","0","0","0","0","0","0","0","0","0","0","0","0","0","0","0","0","0","0","0","0","0","0","0","0","0","0","0","0","0","0","0","0","0","0","0","0","0","0","0","0","0","0","0","0","0","0","0","0","0","0","0","0","0","0","0","0","0","0","0","0","0","0","0","0","0","0","0","0","0","0","0","0","0","0","0","0","0","0","0","0","0","0","0","0","0","0","0","0","0","0","0","0","0","0","0","0","0","0","0","0","0","0","0","0","0","29","0","79.4","17","3.6","108","3118","0.29","0","30","0","77.1","19","3.9","98","2949","0.26","0","39","0","83.8","10.6","5.7","98","3806","0.26","0","30","0","83.7","14.8","1.5","93","2775","0.25","0","38","0","87.1","11.4","1.5","104","3960","0.28","0","40","0","80.5","18.7","0.8","103","4124","0.27","0","150","0","83.8","16.1","0.1","106","15945","0.28","0","206","0","82.3","17.5","0.2","105","21589","0.28","0","121","0","82.3","17.4","0.3","101","12221","0.27","0","355","0","87.5","12.3","0.2","113","40044","0.3","0","610","0","91.6","8.3","0.1","115","69845","0.31","0","536","0","92.5","7.3","0.2","105","56280","0.28","0","413","0","92.7","7","0.3","106","43695","0.28","0","0","0","0","0","0","0","0","0","0","0","0","0","0","0","0","0","0","0","0","0","0","0","0","0","0","0","0","0","0","0","0","0","0","0","0","0","0","0","0","0","0","0","0","0","0","0","0","0","0","0","0","0","0","0","0","0","0","0","0","0","0","0","0","0","0","0","0","0","0","0","0","0","0","0","0","0","0","0","0","0","0","0","0","0","0","0","0","0","0","0","0","0","0","0","0","0","0","0","0","0","0","0","0","0","0","0","0","0","0","0","0","0","0","0","0","0","0","0","0","0","0","0","0","0","0","0","2597","0","89","10.6","0.4","108","280351","0.29"
"K8","K8","","","","","","K8","K8","","","","","","Thailand","PYY","","","","","","Thailand","CNX","0","0","0","0","0","0","0","0","0","0","0","0","0","0","0","0","0","0","0","115","0","56.5","2.7","40.8","98","11236","1.12","0","88","0","61.8","1.9","36.3","91","7999","1.05","0","89","0","62.3","3.3","34.4","89","7912","1.02","0","103","0","62.7","2","35.4","87","8920","1","0","87","0","62.7","1.5","35.8","93","8117","1.07","0","108","0","65.8","1.1","33.1","90","9763","1.04","0","93","0","67.1","3.9","29","82","7635","0.94","0","86","0","68.3","2","29.6","86","7430","0.99","0","104","0","65.9","0.9","33.1","72","7436","0.82","0","90","0","73.4","2.4","24.2","74","6633","0.85","0","88","0","72.5","2.1","25.4","84","7392","0.97","0","86","0","69.1","2.3","28.6","85","7344","0.98","0","100","0","73.3","4.4","22.2","88","8810","1.01","0","82","0","69.9","3.3","26.9","96","7897","1.11","0","90","0","66.4","5","28.6","102","9144","1.17","0","85","0","68.6","4.9","26.5","93","7871","1.07","0","80","0","64.6","3.2","32.2","107","8584","1.23","0","107","0","67.1","2","30.8","108","11513","1.24","0","78","0","64.5","3.3","32.2","87","6786","1","0","88","0","68.2","3.1","28.7","96","8439","1.1","0","98","0","63.1","2.1","34.9","87","8477","1","0","86","0","73.8","1.6","24.6","87","7499","1","0","123","0","65.7","1.9","32.4","81","9926","0.93","0","173","0","66.1","2.5","31.4","87","15016","1","0","151","0","62.4","3","34.7","90","13605","1.04","0","84","0","60.7","2","37.3","93","7778","1.07","0","102","0","63.2","3","33.7","92","9374","1.06","0","80","0","60.2","3.2","36.7","88","7016","1.01","0","89","0","63.6","1.5","34.9","98","8695","1.12","0","101","0","63.3","2.7","34","100","10080","1.15","0","78","0","71.9","3.1","25","92","7184","1.06","0","124","0","70.2","4","25.9","94","11631","1.08","0","206","0","72.3","1.8","25.9","85","17572","0.98","0","216","0","74","2.3","23.7","82","17690","0.94","0","215","0","70.1","1.8","28.2","81","17501","0.94","0","201","0","66.8","2.2","31","88","17688","1.01","0","188","0","59.5","2.7","37.9","90","16901","1.03","0","100","0","70.9","3.8","25.3","109","10880","1.25","0","84","0","71.7","3.7","24.6","92","7745","1.06","0","81","0","71.3","3.4","25.2","94","7590","1.08","0","106","0","78.1","2.5","19.4","104","11066","1.2","0","84","0","77.8","2.6","19.5","107","8980","1.23","0","84","0","81.8","3.7","14.5","98","8249","1.13","0","98","0","82.4","4.3","13.3","89","8683","1.02","0","207","0","82","3","15","91","18754","1.04","0","223","0","83.3","2.7","14","85","18844","0.97","0","5229","0","69.1","2.7","28.2","90","471286","1.04"
